code,entry_date,exit_date,entry_price,exit_price,shares,pnl_krw,pnl_pct,hold_days,reason
145020,2020-10-23,2020-10-26,219900.0,208905.0,9,-106774.02333225007,-0.053888817276809164,1,stop
011200,2020-10-23,2020-10-28,7620.0,9144.0,262,389929.0686035999,0.19508780975560946,3,target
011200,2020-11-10,2020-11-11,12950.0,12302.5,159,-111087.38959237491,-0.05388881727680905,1,stop
009830,2020-11-10,2020-11-11,62642.0,59509.899999999994,32,-108146.74742383999,-0.05388881727680905,1,stop
006400,2020-11-09,2020-11-13,501264.0,476200.8,4,-108174.37023215997,-0.05388881727680905,4,stop
003490,2020-11-11,2020-11-16,19307.0,23168.399999999998,103,388401.92258998984,0.19508780975560946,3,target
011200,2020-11-13,2020-11-16,14400.0,13680.0,132,-102549.67588800006,-0.05388881727680905,1,stop
034020,2020-11-10,2020-11-18,15201.0,14440.949999999999,135,-110714.31982766255,-0.05388881727680905,6,stop
307950,2020-11-12,2020-11-18,71400.0,85680.0,28,390468.1302479999,0.19508780975560946,4,target
131290,2020-11-18,2020-11-19,50000.0,60000.0,44,429686.81800000044,0.1950878097556099,1,target
000270,2020-11-12,2020-11-23,58600.0,59300.0,34,15564.58273000014,0.007803002254090696,7,time
001440,2020-11-23,2020-11-24,11091.0,10536.449999999999,181,-108304.6614081224,-0.05388881727680905,1,stop
009150,2020-11-16,2020-11-25,154500.0,150000.0,13,-66558.77377499989,-0.033100477544005136,7,time
005930,2020-11-16,2020-11-25,64000.0,66600.0,32,74561.60863999976,0.03636521002244253,7,time
058610,2020-11-19,2020-11-25,7900.0,7505.0,339,-144485.63078474998,-0.05388881727680905,4,stop
032820,2020-11-25,2020-11-26,1645.0,1562.75,1337,-118657.49574358761,-0.053888817276809164,1,stop
016360,2020-11-18,2020-11-27,38700.0,40150.0,57,73366.12428749958,0.03322083466166492,7,time
226950,2020-11-25,2020-11-30,47644.0,57172.799999999996,46,428050.8830965599,0.19508780975560946,3,target
043260,2020-11-26,2020-12-01,1750.0,1662.5,1515,-143037.05187187484,-0.05388881727680905,3,stop
319400,2020-11-30,2020-12-01,3600.0,3420.0,756,-146832.49047600012,-0.053888817276809164,1,stop
082740,2020-11-24,2020-12-03,5208.0,5805.0,365,209472.25482074986,0.11006860209154401,7,time
051910,2020-11-25,2020-12-04,820000.0,846000.0,2,45125.653400000185,0.02748403155817658,7,time
066970,2020-12-02,2020-12-04,53186.0,50526.7,51,-146340.78290758468,-0.05388881727680894,2,stop
263750,2020-12-04,2020-12-07,47480.0,45106.0,44,-112709.6900731998,-0.05388881727680894,1,stop
039490,2020-11-27,2020-12-08,128000.0,138500.0,17,169056.08987500053,0.07760196387468721,7,time
068270,2020-12-01,2020-12-09,295520.0,280744.0,8,-127548.31741760019,-0.053888817276809164,6,stop
237690,2020-12-07,2020-12-09,111000.0,105450.0,18,-107793.69340500003,-0.05388881727680905,2,stop
207940,2020-12-08,2020-12-09,1268340.0,1204923.0,1,-68427.95450114994,-0.05388881727680905,1,stop
036930,2020-12-03,2020-12-14,8660.0,8260.0,244,-105971.93084799964,-0.0500937924767767,7,time
307950,2020-12-04,2020-12-14,95000.0,114000.0,22,408202.4771,0.1950878097556097,6,target
082740,2020-12-14,2020-12-15,7922.0,7525.9,288,-123090.68672496034,-0.053888817276809275,1,stop
042700,2020-12-09,2020-12-16,6750.0,8100.0,319,420555.9731175001,0.1950878097556097,5,target
000250,2020-12-09,2020-12-18,66900.0,68200.0,32,32703.934559999965,0.015258951486454508,7,time
263750,2020-12-09,2020-12-18,47900.0,53740.0,44,247565.1027520001,0.11732809492460783,7,time
307950,2020-12-16,2020-12-18,130000.0,123500.0,20,-140272.07349999947,-0.05388881727680883,2,stop
012330,2020-12-15,2020-12-21,260000.0,247000.0,8,-112217.65879999986,-0.05388881727680905,4,stop
319660,2020-12-18,2020-12-21,21100.0,20045.0,111,-126358.16282474948,-0.05388881727680883,1,stop
034220,2020-12-18,2020-12-21,17053.0,16200.349999999999,137,-126043.1441181479,-0.053888817276809275,1,stop
095340,2020-12-14,2020-12-23,24650.0,24500.0,92,-23053.214869999792,-0.01015377488125635,7,time
000250,2020-12-22,2020-12-23,91100.0,86545.0,23,-113043.1060017501,-0.053888817276809164,1,stop
058610,2020-12-22,2020-12-23,7900.0,7505.0,273,-116355.68496824987,-0.05388881727680905,1,stop
066570,2020-12-24,2020-12-28,125000.0,118750.0,17,-114645.44468749966,-0.05388881727680894,1,stop
319400,2020-12-28,2020-12-29,5840.0,5548.0,361,-113741.22932139994,-0.05388881727680905,1,stop
042700,2020-12-18,2020-12-30,8400.0,9050.0,279,171210.8296125005,0.07297070221113788,7,time
000100,2020-12-21,2021-01-04,61790.0,69394.0,34,249164.0784931993,0.11846473903788035,7,time
032830,2020-12-23,2021-01-05,80800.0,76760.0,26,-113339.83538799966,-0.05388881727680894,6,stop
028260,2020-12-23,2021-01-06,134500.0,139500.0,15,66510.77774999989,0.03292905490029452,7,time
096770,2021-01-05,2021-01-06,224832.0,269798.39999999997,8,351299.44241663977,0.19508780975560946,1,target
006400,2020-12-30,2021-01-08,589377.0,707252.4,4,460450.0504225199,0.19508780975560946,5,target
000990,2020-12-29,2021-01-11,48150.0,57780.0,41,385575.5598885,0.1950878097556097,7,target
064350,2021-01-06,2021-01-11,21850.0,20757.5,101,-119061.31746287481,-0.05388881727680894,3,stop
003550,2021-01-08,2021-01-11,101551.0,96473.45,27,-147926.45079690777,-0.053888817276809164,1,stop
012330,2021-01-11,2021-01-12,368500.0,350075.0,6,-119285.21327250008,-0.053888817276809164,1,stop
096770,2021-01-11,2021-01-12,285345.0,271077.75,8,-123156.72250110004,-0.05388881727680905,1,stop
067310,2021-01-04,2021-01-13,7841.0,8149.0,322,88536.48063679971,0.03502641687906105,7,time
039490,2021-01-12,2021-01-13,162500.0,154375.0,14,-122738.06431249948,-0.05388881727680883,1,stop
353200,2021-01-13,2021-01-14,16000.0,15200.0,149,-128618.70124000032,-0.053888817276809164,1,stop
000990,2021-01-13,2021-01-14,61300.0,58235.0,38,-125672.9876965005,-0.053888817276809275,1,stop
047040,2021-01-06,2021-01-15,5900.0,5930.0,375,2149.5669375001453,0.0009704395269443111,7,time
005380,2021-01-11,2021-01-15,256500.0,243675.0,9,-124545.41602874966,-0.05388881727680894,4,stop
009150,2021-01-14,2021-01-18,205000.0,194750.0,11,-121659.04836249957,-0.05388881727680894,2,stop
100790,2021-01-15,2021-01-18,5948.0,5650.599999999999,371,-119053.65644963016,-0.053888817276809164,1,stop
003490,2021-01-15,2021-01-18,26053.0,24750.35,84,-118068.73069046973,-0.05388881727680894,1,stop
058470,2021-01-12,2021-01-21,30054.0,31957.0,76,134840.91441179998,0.05896666933852446,7,time
272210,2021-01-14,2021-01-25,16943.0,16541.0,133,-62543.34130450059,-0.027722979934312497,7,time
064760,2021-01-18,2021-01-27,133100.0,148100.0,15,216154.63244999992,0.1081424031104794,7,time
066970,2021-01-18,2021-01-27,78288.0,78000.0,26,-15807.761923199985,-0.007757157749404442,7,time
083650,2021-01-18,2021-01-27,2905.0,2870.0,724,-33884.71261699987,-0.016092365462249125,7,time
336260,2021-01-25,2021-01-27,62400.0,59280.0,36,-121195.07150400057,-0.053888817276809275,2,stop
011070,2021-01-27,2021-01-28,225500.0,214225.0,9,-109493.14352625026,-0.053888817276809164,1,stop
012450,2021-01-27,2021-01-28,46245.0,43932.75,45,-112272.95836743712,-0.05388881727680894,1,stop
214150,2021-01-27,2021-01-28,17400.0,16530.0,121,-113588.00905649993,-0.05388881727680905,1,stop
357780,2021-01-27,2021-01-28,301100.0,286045.0,7,-113712.09589075018,-0.053888817276809164,1,stop
066570,2021-01-21,2021-01-29,168500.0,160075.0,15,-136360.64068125002,-0.05388881727680905,6,stop
241560,2021-01-28,2021-01-29,33150.0,31492.5,60,-107308.13622749993,-0.05388881727680905,1,stop
035420,2021-01-29,2021-02-01,362000.0,343900.0,5,-97650.9434750001,-0.053888817276809164,1,stop
263750,2021-01-28,2021-02-05,61960.0,74352.0,32,387249.38535679993,0.19508780975560946,6,target
096770,2021-02-02,2021-02-05,318799.0,302859.05,6,-103196.76175321522,-0.053888817276809164,3,stop
047050,2021-02-04,2021-02-05,19350.0,23220.0,108,408163.4146619998,0.19508780975560946,1,target
000270,2021-02-04,2021-02-08,100500.0,95475.0,20,-108441.10297500016,-0.053888817276809164,2,stop
263750,2021-02-08,2021-02-09,78600.0,74670.0,26,-110253.84977099998,-0.05388881727680905,1,stop
003490,2021-02-09,2021-02-15,31500.0,29925.0,65,-110464.25788125,-0.05388881727680905,2,stop
047810,2021-02-03,2021-02-16,34500.0,38300.0,60,218844.57059999998,0.10560055830047932,7,time
298040,2021-02-05,2021-02-16,86300.0,81985.0,26,-121054.79943049978,-0.05388881727680894,5,stop
079550,2021-02-05,2021-02-17,43600.0,41420.0,51,-119964.99332099967,-0.05388881727680894,6,stop
161390,2021-02-09,2021-02-17,49250.0,46787.5,41,-108940.14785187482,-0.05388881727680894,4,stop
080220,2021-02-16,2021-02-17,6970.0,6621.5,322,-121083.93286115024,-0.053888817276809164,1,stop
010950,2021-02-16,2021-02-19,89400.0,84930.0,25,-120580.03241249966,-0.05388881727680894,3,stop
222800,2021-02-17,2021-02-19,25200.0,23940.0,81,-110124.36785699986,-0.05388881727680905,2,stop
272210,2021-02-19,2021-02-22,19581.0,18601.95,108,-114092.34111152985,-0.05388881727680905,1,stop
043260,2021-02-19,2021-02-23,1870.0,1776.5,1131,-114104.3181885751,-0.053888817276809164,2,stop
042700,2021-02-22,2021-02-23,12175.0,11566.25,164,-107723.55736824987,-0.05388881727680905,1,stop
035720,2021-02-15,2021-02-24,100156.0,95148.2,19,-102666.4254137897,-0.05388881727680894,7,stop
357780,2021-02-17,2021-02-26,312600.0,309800.0,6,-24437.05667999969,-0.013013959633482841,7,time
030200,2021-02-17,2021-02-26,26600.0,26000.0,77,-54457.73332999996,-0.026557548444678836,7,time
138040,2021-02-23,2021-02-26,12050.0,11447.5,161,-104667.24468987505,-0.05388881727680905,3,stop
011200,2021-02-23,2021-03-03,17100.0,20520.0,113,377401.74473699974,0.19508780975560946,5,target
084370,2021-03-03,2021-03-05,41550.0,39472.5,48,-107599.47053399985,-0.05388881727680905,2,stop
005490,2021-03-04,2021-03-05,318000.0,302100.0,6,-102938.12162999972,-0.05388881727680894,1,stop
000660,2021-02-24,2021-03-08,137500.0,135500.0,13,-33248.88320000004,-0.018579404715847958,7,time
100790,2021-03-04,2021-03-08,6310.0,5994.5,318,-108256.59124754998,-0.05388881727680905,2,stop
011200,2021-03-08,2021-03-09,22200.0,21090.0,85,-101805.15488249995,-0.05388881727680905,1,stop
005490,2021-03-08,2021-03-10,318500.0,302575.0,5,-85916.64501874987,-0.05388881727680905,2,stop
083650,2021-03-09,2021-03-10,3590.0,3410.5,540,-104589.01603349997,-0.05388881727680905,1,stop
267270,2021-03-10,2021-03-15,40450.0,48540.0,43,339716.2576765001,0.1950878097556097,3,target
138040,2021-03-09,2021-03-18,13300.0,14400.0,145,151126.40732500004,0.07827471556897114,7,time
105560,2021-03-09,2021-03-18,51900.0,49305.0,37,-103601.71643924993,-0.05388881727680905,7,stop
086790,2021-03-10,2021-03-19,40700.0,42550.0,43,72143.22280249977,0.04117498577193257,7,time
055550,2021-03-10,2021-03-19,35650.0,35450.0,49,-16930.04978,-0.009680625155765288,7,time
267260,2021-03-18,2021-03-19,21850.0,20757.5,89,-104915.41835837485,-0.05388881727680905,1,stop
100790,2021-03-15,2021-03-24,8064.0,8512.0,268,110853.21219839994,0.051234647470212114,7,time
035420,2021-03-19,2021-03-24,397000.0,377150.0,4,-85673.86643000017,-0.053888817276809164,3,stop
042700,2021-03-22,2021-03-24,12825.0,12183.75,149,-103095.92771268729,-0.05388881727680894,2,stop
011200,2021-03-23,2021-03-26,27350.0,32820.0,70,373925.1877550003,0.1950878097556097,3,target
064760,2021-03-25,2021-03-26,192100.0,182495.0,10,-103639.48199749994,-0.05388881727680905,1,stop
084370,2021-03-25,2021-03-31,45950.0,43652.5,41,-101640.60495012486,-0.05388881727680905,4,stop
090430,2021-03-24,2021-04-02,249500.0,258500.0,7,55656.76655000006,0.03183099138886125,7,time
030200,2021-03-25,2021-04-05,27700.0,27750.0,69,-4393.060432499973,-0.002295826693195946,7,time
031980,2021-04-07,2021-04-09,11000.0,10450.0,175,-103855.2851875003,-0.053888817276809275,2,stop
035720,2021-04-07,2021-04-12,109188.0,103728.59999999999,17,-100143.25451631006,-0.053888817276809164,3,stop
034220,2021-04-07,2021-04-12,24031.0,22829.45,80,-103719.3291778001,-0.053888817276809164,3,stop
352820,2021-04-07,2021-04-14,259380.0,246411.0,7,-97956.30498884991,-0.05388881727680905,5,stop
071050,2021-04-14,2021-04-15,109500.0,104025.0,16,-94521.79721999983,-0.05388881727680894,1,stop
042700,2021-04-07,2021-04-16,15475.0,15750.0,124,26135.43551500002,0.013604362070589682,7,time
017670,2021-04-14,2021-04-23,51070.0,54263.0,35,104100.21308224997,0.0581726033021448,7,time
080220,2021-04-14,2021-04-23,7010.0,7000.0,261,-10100.41329149995,-0.005514185890481804,7,time
036930,2021-04-15,2021-04-26,12800.0,14200.0,141,189421.62356999982,0.10483378245635766,7,time
005490,2021-04-15,2021-04-26,338500.0,362500.0,5,112710.03050000011,0.0665173092969189,7,time
035720,2021-04-16,2021-04-27,115500.0,121500.0,17,93652.48320000013,0.047641911149397975,7,time
064760,2021-04-23,2021-04-29,229000.0,217550.0,8,-98837.86101999972,-0.05388881727680894,4,stop
067310,2021-04-26,2021-04-29,10647.0,10114.65,183,-105117.78779979749,-0.05388881727680905,3,stop
034220,2021-04-26,2021-04-29,25279.0,24015.05,77,-105014.31017019274,-0.053888817276809164,3,stop
003550,2021-04-27,2021-04-29,114776.0,109037.2,18,-111460.6212094801,-0.053888817276809164,2,stop
011200,2021-04-29,2021-05-03,39600.0,37620.0,46,-98276.77272600005,-0.05388881727680905,2,stop
267270,2021-04-23,2021-05-04,56500.0,57100.0,33,12100.534710000036,0.006482506446096048,7,time
082740,2021-05-04,2021-05-06,9256.0,8793.199999999999,202,-100872.45349532017,-0.053888817276809164,1,stop
000150,2021-04-29,2021-05-11,61100.0,71000.0,30,288612.42855000007,0.15727270175461383,7,time
267250,2021-04-29,2021-05-11,68000.0,77600.0,27,250911.57024000003,0.13650507398327583,7,time
042660,2021-04-30,2021-05-12,31183.0,34603.0,60,196927.40990399988,0.10513269732902963,7,time
138040,2021-05-03,2021-05-13,17950.0,20450.0,97,234649.5169449998,0.13461214993046489,7,time
058610,2021-05-06,2021-05-13,11650.0,11067.5,152,-95536.07221299969,-0.05388881727680894,5,stop
078930,2021-05-11,2021-05-20,49450.0,46977.5,42,-112050.41132774996,-0.05388881727680905,6,stop
011200,2021-05-11,2021-05-21,43000.0,46100.0,48,139902.64536000043,0.06770441918088399,7,time
028050,2021-05-12,2021-05-24,19300.0,19400.0,110,2267.092850000132,0.001066645477496797,7,time
083650,2021-05-21,2021-05-24,5090.0,6108.0,437,434438.7635827004,0.1950878097556097,1,target
030200,2021-05-13,2021-05-25,31100.0,32800.0,58,90916.98910999997,0.05034512754512299,7,time
000810,2021-05-13,2021-05-25,211000.0,208000.0,8,-30847.008399999933,-0.018253300042785137,7,time
083650,2021-05-26,2021-05-28,5550.0,5272.5,375,-112285.09729687497,-0.05388881727680905,2,stop
214450,2021-05-20,2021-05-31,78500.0,84200.0,27,144760.16020500008,0.06822073865628808,7,time
012450,2021-05-26,2021-05-31,50116.0,47610.2,41,-110855.72486791038,-0.053888817276809275,3,stop
079550,2021-05-26,2021-05-31,46600.0,44270.0,44,-110620.7151939997,-0.05388881727680894,3,stop
001440,2021-05-31,2021-06-01,15025.0,18030.0,136,399100.9290460001,0.1950878097556097,1,target
086520,2021-05-31,2021-06-01,10072.0,9568.4,204,-110852.05621368019,-0.053888817276809164,1,stop
034020,2021-05-31,2021-06-02,17856.0,21427.2,115,401061.86343360064,0.1950878097556099,2,target
030200,2021-05-27,2021-06-07,33200.0,33200.0,64,-8707.855359999929,-0.004093491870325261,7,time
000150,2021-05-28,2021-06-07,86000.0,103200.0,23,386327.51181999967,0.19508780975560946,6,target
000500,2021-06-03,2021-06-08,35491.0,33716.45,66,-126374.67176878499,-0.05388881727680905,3,stop
001440,2021-06-07,2021-06-08,29814.0,28323.3,75,-120636.68074987503,-0.05388881727680905,1,stop
034020,2021-06-07,2021-06-08,25046.0,30055.199999999997,89,435369.2308558598,0.19508780975560946,1,target
083650,2021-06-08,2021-06-09,7670.0,7286.5,305,-126209.7981316247,-0.05388881727680894,1,stop
032820,2021-06-08,2021-06-09,2620.0,2489.0,893,-126226.52287884988,-0.05388881727680905,1,stop
047040,2021-06-01,2021-06-10,8320.0,8880.0,264,138402.54595199972,0.0629386769460949,7,time
035720,2021-06-02,2021-06-11,128000.0,135500.0,18,125159.76045000041,0.05426040509039787,7,time
145020,2021-06-10,2021-06-11,242500.0,230375.0,9,-117747.61554374988,-0.05388881727680905,1,stop
161390,2021-06-09,2021-06-14,54600.0,51870.0,40,-117828.54173999955,-0.05388881727680883,3,stop
064350,2021-06-08,2021-06-17,24000.0,23850.0,97,-24047.715472499374,-0.010317907546135596,7,time
028050,2021-06-09,2021-06-18,21350.0,24100.0,103,273402.81812750036,0.12418486397775941,7,time
058610,2021-06-15,2021-06-21,12800.0,12160.0,181,-124993.20764800021,-0.053888817276809164,4,stop
316140,2021-06-17,2021-06-21,11950.0,11352.5,193,-124429.42181412503,-0.05388881727680905,2,stop
214450,2021-06-11,2021-06-22,90600.0,90700.0,25,-6789.793124999851,-0.0029942573138908024,7,time
035720,2021-06-14,2021-06-23,136000.0,163200.0,16,424999.3254400003,0.1950878097556097,7,target
214150,2021-06-21,2021-06-24,19300.0,18335.0,114,-118702.54465949978,-0.05388881727680894,3,stop
161390,2021-06-23,2021-06-24,57000.0,54150.0,42,-129158.2092149998,-0.05388881727680905,1,stop
028050,2021-06-23,2021-06-25,26400.0,25080.0,92,-131035.69696800038,-0.053888817276809275,2,stop
035420,2021-06-24,2021-06-25,430000.0,408500.0,5,-115994.21462499979,-0.05388881727680894,1,stop
036930,2021-06-24,2021-06-25,15950.0,15152.5,137,-117890.58515712549,-0.053888817276809275,1,stop
247540,2021-06-18,2021-06-29,50083.0,51714.0,49,69626.13741265005,0.028339140255535744,7,time
352820,2021-06-21,2021-06-29,313000.0,297350.0,7,-118206.1973224997,-0.05388881727680894,6,stop
011070,2021-06-25,2021-07-06,232000.0,227500.0,9,-48937.64557499997,-0.02341064396766812,7,time
005830,2021-06-28,2021-07-07,54000.0,54500.0,40,11088.927000000607,0.005127864686431227,7,time
000810,2021-06-28,2021-07-07,222000.0,215000.0,9,-71002.47644999996,-0.03549594933387368,7,time
086790,2021-06-29,2021-07-07,46900.0,44555.0,51,-129044.91254025046,-0.053888817276809275,6,stop
032820,2021-07-06,2021-07-07,3070.0,2916.5,671,-111137.02432607487,-0.05388881727680905,1,stop
000720,2021-06-29,2021-07-08,57016.0,56141.0,42,-46455.50395289995,-0.01937724019734699,7,time
010950,2021-07-07,2021-07-08,106500.0,101175.0,19,-109169.43874124996,-0.05388881727680905,1,stop
012450,2021-07-07,2021-07-08,55005.0,52254.75,37,-109799.85381003749,-0.05388881727680905,1,stop
000150,2021-07-07,2021-07-08,104500.0,99275.0,19,-107119.30843624985,-0.05388881727680905,1,stop
047050,2021-07-07,2021-07-09,23950.0,22752.5,86,-111122.45761074964,-0.05388881727680894,2,stop
011070,2021-07-08,2021-07-13,234000.0,222300.0,8,-100995.89291999978,-0.05388881727680894,3,stop
032820,2021-07-12,2021-07-13,2915.0,2769.25,716,-112602.8674941496,-0.05388881727680894,1,stop
247540,2021-07-12,2021-07-16,57520.0,69024.0,36,404436.8580767999,0.19508780975560946,4,target
032820,2021-07-16,2021-07-19,3065.0,2911.75,813,-134437.02499638777,-0.053888817276809164,1,stop
066970,2021-07-14,2021-07-23,110500.0,111700.0,17,12641.391080000205,0.00672178242610566,7,time
035420,2021-07-14,2021-07-23,436000.0,452000.0,4,56664.06400000001,0.03245353595094702,7,time
214150,2021-07-14,2021-07-23,19900.0,22350.0,99,233761.0866525001,0.11851811340192109,7,time
078600,2021-07-15,2021-07-26,58200.0,56700.0,40,-69363.7265999997,-0.029761185378821997,7,time
086520,2021-07-19,2021-07-26,11249.0,13498.8,209,459186.96648978954,0.19508780975560946,5,target
357780,2021-07-23,2021-07-26,364600.0,346370.0,5,-98352.30384250009,-0.053888817276809164,1,stop
042700,2021-07-23,2021-07-27,19825.0,18833.75,99,-105887.8814833127,-0.053888817276809164,2,stop
030200,2021-07-23,2021-07-27,35100.0,33345.0,56,-106045.68756600004,-0.05388881727680905,2,stop
047050,2021-07-26,2021-07-30,27200.0,25840.0,85,-124734.24381999951,-0.05388881727680883,4,stop
010130,2021-07-26,2021-08-04,540000.0,530000.0,4,-48734.18999999948,-0.02253620498383757,7,time
131290,2021-07-26,2021-08-04,73300.0,78800.0,31,160685.0176149998,0.07063346303708529,7,time
138040,2021-07-28,2021-08-06,23250.0,25350.0,84,167876.1793800001,0.08585935402525813,7,time
086520,2021-07-28,2021-08-06,13004.0,13604.0,150,81740.72658000002,0.041857285188872106,7,time
012450,2021-08-05,2021-08-06,56228.0,53416.6,40,-121341.81767319981,-0.05388881727680905,1,stop
005830,2021-07-30,2021-08-10,56000.0,57100.0,39,33823.05985500058,0.015468957396507887,7,time
064350,2021-08-09,2021-08-10,27000.0,25650.0,78,-113620.3795350003,-0.053888817276809164,1,stop
095340,2021-08-06,2021-08-11,29000.0,27550.0,72,-112649.26517999987,-0.05388881727680905,3,stop
353200,2021-08-10,2021-08-11,17450.0,16577.5,121,-113914.41138137481,-0.05388881727680894,1,stop
086520,2021-08-10,2021-08-12,18258.0,21909.6,115,410091.1459772992,0.19508780975560924,2,target
222800,2021-08-04,2021-08-13,26950.0,30950.0,84,325731.95003999956,0.14372194532888405,7,time
247540,2021-08-10,2021-08-17,77410.0,73539.5,27,-112760.94333082507,-0.053888817276809164,4,stop
066970,2021-08-12,2021-08-17,122600.0,116470.0,17,-112444.25214949995,-0.05388881727680905,2,stop
214450,2021-08-12,2021-08-17,94800.0,90060.0,22,-112519.78326599975,-0.05388881727680894,2,stop
006400,2021-08-13,2021-08-18,808681.0,768246.95,4,-174515.93949238956,-0.05388881727680894,2,stop
207940,2021-08-12,2021-08-24,1405065.0,1390520.0,1,-20260.35799575015,-0.014402950977730478,7,time
086520,2023-02-07,2023-02-09,28881.0,34657.2,76,428701.6633136398,0.19508780975560946,2,target
145020,2023-02-06,2023-02-10,154300.0,146585.0,13,-108219.90470524994,-0.05388881727680905,4,stop
003670,2023-02-10,2023-02-13,236028.0,224226.59999999998,9,-114605.08949097013,-0.053888817276809164,1,stop
000250,2023-02-03,2023-02-14,50800.0,50900.0,42,-4556.301330000162,-0.0021330459881804265,7,time
214370,2023-02-06,2023-02-15,36740.0,34903.0,58,-114964.83340869984,-0.05388881727680905,7,stop
086520,2023-02-14,2023-02-16,38985.0,46782.0,56,426397.76072040014,0.1950878097556097,2,target
007660,2023-02-17,2023-02-20,8363.0,7944.849999999999,296,-133552.39376978017,-0.053888817276809164,1,stop
012450,2023-02-13,2023-02-22,89844.0,88215.0,24,-47817.51137640001,-0.022150698826196025,7,time
247540,2023-02-14,2023-02-23,141900.0,155200.0,15,190188.84532500058,0.08925081086487352,7,time
028050,2023-02-20,2023-02-23,28250.0,26837.5,83,-126501.13243812462,-0.05388881727680894,3,stop
039490,2023-02-15,2023-02-24,105800.0,106100.0,20,-2689.4794999998994,-0.0012695603727931326,7,time
005490,2023-02-16,2023-02-27,329000.0,319000.0,7,-79231.79109999957,-0.03436420640314197,7,time
108490,2023-02-24,2023-02-27,31844.0,38212.799999999996,68,422927.45372847887,0.19508780975560902,1,target
214370,2023-02-24,2023-02-27,38680.0,36746.0,56,-116861.74344879971,-0.05388881727680894,1,stop
007660,2023-02-27,2023-02-28,9345.0,8877.75,244,-123017.52944355039,-0.053888817276809275,1,stop
012450,2023-02-27,2023-03-02,94732.0,89995.4,24,-122660.80677048024,-0.053888817276809164,2,stop
267260,2023-03-03,2023-03-06,45350.0,43082.5,49,-119886.76466462482,-0.05388881727680894,1,stop
005830,2023-02-24,2023-03-08,71900.0,73600.0,30,42009.83205000032,0.01945367174331114,7,time
006400,2023-03-07,2023-03-09,762666.0,724532.7,2,-82292.87785227015,-0.053888817276809164,2,stop
078600,2023-03-07,2023-03-09,101800.0,96710.0,22,-120828.20608099969,-0.05388881727680894,2,stop
003670,2023-03-08,2023-03-09,251051.0,238498.44999999998,11,-148988.41829489777,-0.053888817276809164,1,stop
000250,2023-03-03,2023-03-10,54100.0,51395.0,41,-119668.26393474964,-0.05388881727680894,5,stop
086520,2023-03-09,2023-03-10,65139.0,61882.049999999996,32,-112457.63194728014,-0.053888817276809164,1,stop
058610,2023-03-10,2023-03-13,23850.0,22657.5,87,-111945.20727262506,-0.05388881727680905,1,stop
247540,2023-03-06,2023-03-15,199800.0,214000.0,10,133393.1732999999,0.06668665034910104,7,time
086520,2023-03-14,2023-03-15,72791.0,87349.2,28,398075.14942411985,0.19508780975560946,1,target
028050,2023-03-10,2023-03-21,28650.0,29950.0,73,86049.04966500029,0.04109598319315033,7,time
403870,2023-03-20,2023-03-21,18600.0,22320.0,120,435936.80808000034,0.1950878097556097,1,target
108490,2023-03-20,2023-03-21,40608.0,38577.6,55,-120495.86916839983,-0.05388881727680894,1,stop
003550,2023-03-14,2023-03-23,86200.0,83800.0,23,-63162.3589600001,-0.03182174731709131,7,time
277810,2023-03-20,2023-03-23,124000.0,148800.0,18,435936.80808000034,0.1950878097556097,3,target
058610,2023-03-23,2023-03-27,33500.0,40200.0,69,451464.1271850006,0.1950878097556099,2,target
247540,2023-03-24,2023-03-27,245000.0,232750.0,9,-118961.50848749978,-0.05388881727680894,1,stop
000250,2023-03-24,2023-03-27,60500.0,72600.0,38,449022.72481000004,0.1950878097556097,1,target
086520,2023-03-24,2023-03-27,94374.0,89655.3,24,-122197.26151836012,-0.053888817276809164,1,stop
403870,2023-03-24,2023-03-31,26150.0,24842.5,88,-124151.57520699967,-0.05388881727680894,5,stop
007660,2023-03-29,2023-03-31,10210.0,9699.5,257,-141565.27411607513,-0.053888817276809164,2,stop
108490,2023-03-31,2023-04-03,40900.0,38855.0,56,-123568.90659400029,-0.053888817276809164,1,stop
042700,2023-03-27,2023-04-04,20400.0,19380.0,121,-133172.1485489998,-0.05388881727680905,6,stop
005490,2023-04-03,2023-04-05,385000.0,365750.0,5,-103855.28518750006,-0.053888817276809164,2,stop
066970,2023-03-28,2023-04-06,295500.0,316500.0,8,157816.58279999997,0.06668158992569206,7,time
006260,2023-03-28,2023-04-06,77400.0,76900.0,32,-26103.25295999972,-0.010526996444806369,7,time
028050,2023-04-03,2023-04-06,31900.0,30305.0,71,-122193.16125774989,-0.05388881727680905,3,stop
214370,2023-04-04,2023-04-07,42700.0,40565.0,62,-142829.34130150033,-0.053888817276809164,3,stop
007660,2023-04-06,2023-04-12,10249.0,9736.55,234,-129388.36331713479,-0.05388881727680894,4,stop
078600,2023-04-07,2023-04-12,124900.0,118655.0,19,-128030.6375472499,-0.05388881727680905,3,stop
086520,2023-04-11,2023-04-12,148134.0,140727.3,17,-135863.1064267056,-0.053888817276809275,1,stop
247540,2023-04-12,2023-04-13,290000.0,275500.0,8,-125165.85019999975,-0.05388881727680894,1,stop
012450,2023-04-05,2023-04-14,110727.0,109811.0,16,-21873.29564159992,-0.012332226428714677,7,time
000250,2023-04-06,2023-04-14,86000.0,103200.0,27,453514.9051800007,0.1950878097556099,6,target
214370,2023-04-13,2023-04-17,46100.0,43795.0,64,-159176.43294400023,-0.053888817276809164,2,stop
003670,2023-04-17,2023-04-19,338290.0,405948.0,8,528577.2860408002,0.1950878097556097,2,target
310210,2023-04-14,2023-04-20,42016.0,39915.2,54,-122407.02221903997,-0.05388881727680905,4,stop
214450,2023-04-19,2023-04-20,107500.0,102125.0,31,-179791.0326687498,-0.05388881727680905,1,stop
051910,2023-04-12,2023-04-21,799000.0,771000.0,2,-62383.832799999975,-0.038993845096396584,7,time
006260,2023-04-12,2023-04-21,84200.0,92700.0,27,219506.57464500004,0.09644338840404809,7,time
319400,2023-04-20,2023-04-21,4995.0,4745.25,531,-143096.1279951376,-0.053888817276809164,1,stop
042660,2023-04-20,2023-04-21,26474.0,25150.3,100,-142829.34130150033,-0.053888817276809164,1,stop
010120,2023-04-14,2023-04-25,12560.0,13040.0,181,77307.18946399959,0.03396662945947093,7,time
042700,2023-04-24,2023-04-25,21750.0,20662.5,104,-122036.70394499972,-0.05388881727680894,1,stop
267260,2023-04-24,2023-04-27,51800.0,49210.0,43,-120170.00635149982,-0.05388881727680894,3,stop
012330,2023-04-26,2023-04-27,237000.0,225150.0,9,-115077.05106749944,-0.05388881727680883,1,stop
005830,2023-04-26,2023-05-02,85300.0,81035.0,26,-119652.07869550027,-0.053888817276809164,3,stop
064350,2023-04-24,2023-05-04,33550.0,33550.0,67,-9212.138869999908,-0.004093491870325261,7,time
267270,2023-04-28,2023-05-08,67600.0,64220.0,31,-113059.29124100017,-0.053888817276809164,4,stop
042700,2023-05-04,2023-05-08,22650.0,21517.5,99,-120976.5707741254,-0.053888817276809275,1,stop
000810,2023-04-26,2023-05-09,226500.0,230500.0,10,30599.65500000026,0.013494261032627186,7,time
241560,2023-04-28,2023-05-11,51300.0,51000.0,42,-21392.836290000007,-0.009917506537750365,7,time
214150,2023-05-02,2023-05-12,23900.0,23850.0,90,-13301.961974999867,-0.006176978289006652,7,time
043260,2023-05-11,2023-05-12,1623.0,1541.85,1316,-115231.7819547304,-0.053888817276809275,1,stop
319400,2023-05-12,2023-05-15,4825.0,4583.75,440,-114537.54309249972,-0.05388881727680894,1,stop
000270,2023-05-11,2023-05-22,90500.0,88800.0,23,-47515.13454500004,-0.02280112793463973,7,time
005380,2023-05-11,2023-05-22,211500.0,207500.0,10,-48549.77099999995,-0.022928603135189185,7,time
043260,2023-05-19,2023-05-22,1742.0,1654.8999999999999,1211,-113812.55227569537,-0.053888817276809275,1,stop
214150,2023-05-18,2023-05-23,26500.0,25175.0,79,-112945.9945662499,-0.05388881727680905,3,stop
214450,2023-05-17,2023-05-26,114000.0,114800.0,18,5948.041680000024,0.002895325730584597,7,time
007660,2023-05-23,2023-05-26,10755.0,12906.0,193,405412.4424658499,0.19508780975560946,3,target
095340,2023-05-22,2023-06-01,46350.0,50700.0,43,178330.64973750012,0.08937346196708762,7,time
042700,2023-05-22,2023-06-01,25950.0,26350.0,78,22812.85422000033,0.011257668177916402,7,time
005930,2023-05-22,2023-06-01,68400.0,70900.0,29,64157.07685500011,0.03230659980108097,7,time
007660,2023-05-30,2023-06-09,13887.0,16664.399999999998,163,442104.96235238947,0.19508780975560946,7,target
066570,2023-05-31,2023-06-12,125200.0,125600.0,18,-2056.929480000399,-0.0009116819401987497,7,time
047050,2023-06-09,2023-06-12,38400.0,36480.0,71,-147091.4543039999,-0.05388881727680905,1,stop
403870,2023-06-01,2023-06-13,26750.0,29100.0,78,174208.72813500022,0.08339736024573963,7,time
214150,2023-06-02,2023-06-14,27300.0,32760.0,76,405233.7318120003,0.1950878097556097,7,target
000100,2023-06-02,2023-06-14,59242.0,56279.899999999994,35,-111865.36009232514,-0.053888817276809164,7,stop
298040,2023-06-12,2023-06-14,95100.0,90345.0,25,-128268.02105624974,-0.05388881727680894,2,stop
095340,2023-06-14,2023-06-15,55700.0,52915.0,40,-120202.37682999996,-0.05388881727680905,1,stop
031980,2023-06-14,2023-06-15,12130.0,14556.0,185,438290.31996949995,0.19508780975560946,1,target
007660,2023-06-12,2023-06-16,17504.0,21004.8,138,471786.7511788802,0.1950878097556097,4,target
403870,2023-06-16,2023-06-21,30500.0,28975.0,87,-143158.44116624957,-0.05388881727680894,3,stop
214450,2023-06-13,2023-06-22,134400.0,139700.0,17,80470.8133349996,0.035179607036573746,7,time
402340,2023-06-14,2023-06-22,48250.0,45837.5,46,-119743.79505124968,-0.05388881727680894,6,stop
009540,2023-06-22,2023-06-23,120700.0,114665.0,18,-117213.5026484998,-0.05388881727680894,1,stop
082740,2023-06-15,2023-06-26,9610.0,10220.0,251,142773.3148625004,0.05912221780283833,7,time
042660,2023-06-21,2023-06-26,34159.0,32451.05,73,-134532.0863015824,-0.05388881727680905,3,stop
042700,2023-06-16,2023-06-27,28700.0,30100.0,92,117599.40388000011,0.044487313404292905,7,time
352820,2023-06-23,2023-06-27,307000.0,291650.0,7,-115940.26382749993,-0.05388881727680905,2,stop
087010,2023-06-27,2023-06-28,11173.0,10614.35,213,-128394.75147957774,-0.053888817276809164,1,stop
131970,2023-06-27,2023-07-06,42900.0,40755.0,55,-127296.90670124954,-0.05388881727680894,7,stop
214370,2023-06-27,2023-07-06,48500.0,48500.0,49,-9739.37229999993,-0.004093491870325261,7,time
005290,2023-06-27,2023-07-06,38850.0,39400.0,61,23738.973652500194,0.010005570664329166,7,time
267270,2023-06-28,2023-07-07,77800.0,85300.0,30,214771.4899500003,0.09191291958176429,7,time
257720,2023-06-28,2023-07-07,7280.0,7490.0,323,57993.3623604998,0.024634580479569124,7,time
047050,2023-07-06,2023-07-07,46400.0,44080.0,50,-125165.85019999975,-0.05388881727680894,1,stop
353200,2023-07-06,2023-07-07,32550.0,30922.5,71,-124682.99056237517,-0.053888817276809164,1,stop
307950,2023-07-07,2023-07-10,154700.0,146965.0,15,-125192.8255987498,-0.05388881727680894,1,stop
082740,2023-07-10,2023-07-11,11820.0,11229.0,198,-126264.28843709966,-0.05388881727680894,1,stop
042660,2023-07-10,2023-07-12,36824.0,44188.799999999996,63,453107.09332727967,0.19508780975560946,2,target
086520,2023-07-06,2023-07-13,185609.0,176328.55,12,-120165.04287812999,-0.05388881727680905,5,stop
087010,2023-07-12,2023-07-13,15922.0,15125.9,159,-136581.7310494054,-0.053888817276809275,1,stop
010140,2023-07-11,2023-07-17,7240.0,8688.0,318,449671.16128079966,0.19508780975560946,4,target
272210,2023-07-12,2023-07-17,17070.0,16216.5,149,-137220.07688542502,-0.05388881727680905,3,stop
095340,2023-07-17,2023-07-19,85200.0,80940.0,31,-142494.84635700006,-0.05388881727680905,2,stop
007660,2023-07-17,2023-07-19,36226.0,34414.7,72,-140718.35449692048,-0.053888817276809275,2,stop
010120,2023-07-11,2023-07-20,16880.0,17900.0,136,128902.89072799962,0.056085692862628767,7,time
087010,2023-07-19,2023-07-20,21126.0,25351.2,118,486887.50846091984,0.19508780975560946,1,target
086520,2023-07-19,2023-07-21,216413.0,205592.34999999998,11,-128432.19333304232,-0.05388881727680905,2,stop
131970,2023-07-13,2023-07-24,46300.0,47100.0,48,29178.955199999735,0.013114395959128888,7,time
009540,2023-07-13,2023-07-24,127900.0,126400.0,17,-34335.540984999854,-0.015773396187717892,7,time
031980,2023-07-21,2023-07-24,26250.0,24937.5,101,-143037.05187187484,-0.05388881727680905,1,stop
247540,2023-07-20,2023-07-25,347000.0,416400.0,7,474413.30951000005,0.1950878097556097,3,target
003670,2023-07-20,2023-07-25,447823.0,537387.6,6,524791.7451742194,0.19508780975560924,3,target
000100,2023-07-24,2023-07-25,64793.0,61553.35,35,-122347.19078461267,-0.053888817276809164,1,stop
087010,2023-07-24,2023-07-25,28104.0,26698.8,82,-124331.12346108025,-0.053888817276809164,1,stop
005490,2023-07-24,2023-07-26,566000.0,679200.0,4,442186.7981600007,0.1950878097556099,2,target
047050,2023-07-25,2023-07-26,70500.0,84600.0,37,509471.84761499986,0.19508780975560946,1,target
007660,2023-07-25,2023-07-26,40650.0,38617.5,64,-140358.39477600018,-0.053888817276809164,1,stop
095340,2023-07-25,2023-07-26,90200.0,108240.0,29,510897.6266020001,0.1950878097556097,1,target
010120,2023-07-26,2023-07-27,24480.0,23256.0,117,-154523.71616760036,-0.053888817276809164,1,stop
006260,2023-07-26,2023-07-27,138000.0,131100.0,20,-148904.20109999971,-0.05388881727680894,1,stop
086520,2023-07-26,2023-07-27,255653.0,242870.34999999998,11,-151719.5155659425,-0.05388881727680905,1,stop
267260,2023-07-26,2023-07-27,82800.0,78660.0,34,-151882.28512200015,-0.053888817276809164,1,stop
036930,2023-07-25,2023-07-28,23150.0,27780.0,113,510926.9234305001,0.1950878097556097,3,target
031980,2023-07-27,2023-07-28,27550.0,33060.0,98,527323.3817809997,0.19508780975560946,1,target
095340,2023-07-28,2023-07-31,106500.0,101175.0,27,-155135.5182112502,-0.053888817276809164,1,stop
000660,2023-07-28,2023-08-02,126200.0,119890.0,23,-156597.58482350037,-0.053888817276809164,3,stop
036930,2023-07-31,2023-08-02,28250.0,26837.5,104,-158507.44305500016,-0.053888817276809164,2,stop
039030,2023-07-28,2023-08-03,156100.0,148295.0,18,-151590.95081550023,-0.053888817276809164,4,stop
310210,2023-08-02,2023-08-03,55908.0,53112.6,49,-147797.77814486995,-0.05388881727680905,1,stop
000150,2023-08-02,2023-08-03,112800.0,107160.0,24,-146055.59899199987,-0.05388881727680905,1,stop
307950,2023-08-03,2023-08-04,160000.0,152000.0,16,-138114.04159999965,-0.05388881727680894,1,stop
000500,2023-08-03,2023-08-04,22660.0,21527.0,116,-141812.90827659937,-0.05388881727680883,1,stop
298040,2023-08-04,2023-08-07,181300.0,172235.0,13,-127156.63462775014,-0.053888817276809164,1,stop
000100,2023-07-28,2023-08-08,66133.0,71015.0,43,197652.9984499002,0.069425259323316,7,time
028050,2023-07-28,2023-08-08,32700.0,36250.0,88,299686.04886,0.10402479876760573,7,time
257720,2023-08-07,2023-08-09,9010.0,8559.5,271,-131732.20176372537,-0.053888817276809275,2,stop
307950,2023-08-08,2023-08-10,164000.0,155800.0,19,-168110.68500999967,-0.05388881727680894,2,stop
310210,2023-08-08,2023-08-11,59428.0,71313.59999999999,54,626778.6926752799,0.19508780975560946,3,target
326030,2023-08-03,2023-08-14,92600.0,95500.0,28,70334.8053799998,0.02709580482056073,7,time
214450,2023-08-11,2023-08-14,155100.0,147345.0,24,-200826.44861400034,-0.053888817276809164,1,stop
310210,2023-08-14,2023-08-16,72924.0,69277.8,43,-169175.24214626988,-0.05388881727680905,1,stop
000810,2023-08-07,2023-08-17,245500.0,249000.0,9,22352.163525000215,0.010104767919710822,7,time
298040,2023-08-09,2023-08-17,189200.0,179740.0,12,-122489.89064400038,-0.053888817276809275,5,stop
087010,2023-08-10,2023-08-17,33676.0,31992.199999999997,92,-167149.9292081208,-0.053888817276809386,4,stop
003230,2023-08-14,2023-08-24,161400.0,182500.0,19,387150.5866350001,0.1261024642730213,7,time
196170,2023-09-20,2023-09-22,76200.0,72390.0,36,-147997.8277019998,-0.05388881727680905,2,stop
257720,2023-09-20,2023-09-22,8950.0,8502.5,309,-149203.62802612502,-0.05388881727680905,2,stop
005940,2023-09-20,2023-10-04,10560.0,10032.0,262,-149266.75045919977,-0.05388881727680894,6,stop
080220,2023-12-13,2023-12-14,12900.0,12255.0,207,-144064.81456424948,-0.05388881727680883,1,stop
079550,2023-12-13,2023-12-14,131800.0,125210.0,20,-142214.30220999988,-0.05388881727680905,1,stop
068270,2023-12-13,2023-12-15,167062.0,158708.9,16,-144210.05011111964,-0.05388881727680894,2,stop
161390,2023-12-14,2023-12-15,47050.0,44697.5,55,-139611.17623062525,-0.053888817276809164,1,stop
403870,2023-12-15,2023-12-18,51100.0,48545.0,49,-135087.40186025063,-0.053888817276809275,1,stop
028300,2023-12-15,2023-12-19,40400.0,48480.0,62,489217.97351199994,0.19508780975560946,2,target
180640,2023-12-13,2023-12-20,56900.0,68280.0,47,522323.3897170001,0.1950878097556097,5,target
028260,2023-12-13,2023-12-22,129300.0,127600.0,20,-44497.71149999974,-0.017187390275742453,7,time
079550,2023-12-19,2023-12-26,140000.0,133000.0,21,-158615.34464999987,-0.05388881727680905,4,stop
000660,2023-12-15,2023-12-27,137000.0,140400.0,18,50913.418140000664,0.020622436068659544,7,time
016360,2023-12-18,2023-12-27,40400.0,38380.0,61,-132956.3453589999,-0.05388881727680905,6,stop
080220,2023-12-27,2024-01-02,13610.0,16332.0,179,475817.6041560997,0.19508780975560946,2,target
003230,2023-12-20,2024-01-03,225500.0,214225.0,14,-170322.66770750005,-0.05388881727680905,7,stop
141080,2023-12-26,2024-01-04,61600.0,58520.0,45,-149551.61066999985,-0.05388881727680905,5,stop
196170,2023-12-22,2024-01-05,87000.0,89500.0,30,64082.59425000008,0.02452451123684929,7,time
138040,2023-12-27,2024-01-09,58700.0,56800.0,41,-87533.48484500032,-0.03632896657980389,7,time
080220,2024-01-04,2024-01-09,17800.0,21360.0,148,514530.4333359995,0.19508780975560946,3,target
222800,2024-01-03,2024-01-10,41100.0,39045.0,76,-168520.71107099997,-0.05388881727680905,5,stop
068270,2024-01-02,2024-01-11,187209.0,188590.0,15,9145.6322872499,0.003253093431273779,7,time
180640,2024-01-08,2024-01-12,82600.0,78470.0,32,-142602.74795199977,-0.05388881727680894,4,stop
267260,2024-01-09,2024-01-12,93200.0,88540.0,29,-145818.21548299957,-0.05388881727680894,3,stop
100790,2024-01-12,2024-01-15,6650.0,6317.5,409,-146738.0765803745,-0.05388881727680894,1,stop
950160,2024-01-12,2024-01-19,12010.0,11409.5,227,-147084.44070032472,-0.05388881727680894,5,stop
323410,2024-01-12,2024-01-22,29700.0,28215.0,91,-145812.82040324993,-0.05388881727680905,6,stop
028260,2024-02-02,2024-02-05,152900.0,145255.0,17,-140234.3079417497,-0.05388881727680894,1,stop
000270,2024-02-05,2024-02-06,119600.0,113620.0,21,-135502.8230010001,-0.053888817276809164,1,stop
078930,2024-02-02,2024-02-15,50500.0,47975.0,52,-141674.79423499946,-0.05388881727680883,7,stop
000810,2024-02-02,2024-02-15,292000.0,292000.0,9,-10770.06959999958,-0.00409349187032515,7,time
006800,2024-02-02,2024-02-15,8313.0,8353.0,317,1842.9560238001868,0.0006985519556323982,7,time
024110,2024-02-02,2024-02-15,13210.0,13320.0,199,11052.16000750009,0.0041994465016856886,7,time
178320,2024-02-15,2024-02-16,22750.0,21612.5,114,-139921.39331624936,-0.05388881727680883,1,stop
403870,2024-02-15,2024-02-16,62400.0,59280.0,41,-138027.72032400034,-0.053888817276809164,1,stop
005380,2024-02-06,2024-02-19,234000.0,252500.0,10,174864.82275000028,0.07464270642197812,7,time
259960,2024-02-15,2024-02-20,242000.0,229900.0,10,-130560.92994999979,-0.05388881727680894,3,stop
267260,2024-02-15,2024-02-26,113700.0,136440.0,22,488553.9120659996,0.19508780975560946,7,target
100790,2024-02-16,2024-02-26,7000.0,6650.0,374,-141243.18785500014,-0.053888817276809164,6,stop
145020,2024-02-16,2024-02-27,168500.0,184400.0,15,227438.6895750002,0.08988225578108033,7,time
071050,2024-02-19,2024-02-28,69200.0,70500.0,37,37465.16751499986,0.014615734438468975,7,time
015760,2024-02-20,2024-02-29,23300.0,24800.0,100,140008.98650000058,0.06002066101355963,7,time
196170,2024-02-26,2024-02-29,143000.0,171600.0,19,530663.2202300001,0.1950878097556097,3,target
012450,2024-02-27,2024-02-29,170216.0,204259.19999999998,16,531924.1557286396,0.19508780975560946,2,target
042700,2024-02-28,2024-03-04,82100.0,98520.0,32,513124.1855680002,0.1950878097556097,2,target
036930,2024-02-29,2024-03-04,39450.0,37477.5,76,-161755.2810645001,-0.05388881727680905,1,stop
138040,2024-02-26,2024-03-07,81300.0,80400.0,33,-40607.50369499996,-0.015118287163273791,7,time
039030,2024-02-29,2024-03-11,199900.0,189905.0,15,-161771.4663037504,-0.053888817276809164,6,stop
032830,2024-02-29,2024-03-12,101800.0,97500.0,29,-136431.08420499973,-0.04616026971863174,7,time
319660,2024-03-04,2024-03-13,25850.0,26500.0,117,63430.999807499815,0.020948644697732277,7,time
000270,2024-03-04,2024-03-13,124500.0,125900.0,24,21255.52392000053,0.007105456815470479,7,time
028300,2024-03-11,2024-03-13,98700.0,93765.0,28,-149098.42397099966,-0.05388881727680894,2,stop
141080,2024-03-07,2024-03-15,75000.0,71250.0,36,-145667.15324999997,-0.05388881727680905,6,stop
055550,2024-03-15,2024-03-18,50200.0,47690.0,50,-135416.50172499986,-0.05388881727680905,1,stop
012330,2024-03-18,2024-03-19,269500.0,256025.0,8,-116317.91940999962,-0.05388881727680894,1,stop
000150,2024-03-19,2024-03-20,160900.0,152855.0,14,-121529.56644849991,-0.05388881727680905,1,stop
058470,2024-03-12,2024-03-21,47855.0,49757.0,60,102016.40687399963,0.03548887524831712,7,time
024110,2024-03-13,2024-03-22,14790.0,15280.0,196,83876.84318999946,0.02890138230029926,7,time
005940,2024-03-13,2024-03-22,12130.0,12930.0,240,179503.29455999983,0.061588718064030656,7,time
267260,2024-03-14,2024-03-25,146000.0,169500.0,20,456647.67250000034,0.15620652827383474,7,time
950160,2024-03-22,2024-03-25,16900.0,16055.0,180,-164118.32599500008,-0.05388881727680905,1,stop
005290,2024-03-22,2024-03-25,47200.0,44840.0,64,-162974.56908799987,-0.05388881727680905,1,stop
000250,2024-03-26,2024-03-27,118100.0,141720.0,26,599725.6106139999,0.19508780975560946,1,target
042700,2024-03-27,2024-03-28,110300.0,132360.0,30,646288.0367100006,0.1950878097556097,1,target
043260,2024-03-27,2024-03-28,2180.0,2071.0,1548,-182064.51927539986,-0.05388881727680905,1,stop
031980,2024-03-21,2024-04-01,46250.0,43937.5,55,-137237.3411406246,-0.05388881727680894,7,stop
257720,2024-03-21,2024-04-01,10670.0,12804.0,241,502239.4372193003,0.1950878097556097,7,target
402340,2024-03-25,2024-04-01,79300.0,75335.0,38,-162575.33318650024,-0.053888817276809164,5,stop
007660,2024-03-28,2024-04-02,41964.0,39865.799999999996,85,-192439.25763465045,-0.053888817276809164,3,stop
064760,2024-04-01,2024-04-02,131500.0,124925.0,21,-148985.12729624985,-0.05388881727680905,1,stop
005290,2024-04-02,2024-04-03,50600.0,48070.0,59,-161064.71085649962,-0.05388881727680894,1,stop
042700,2024-04-02,2024-04-04,145000.0,137750.0,20,-156457.31274999958,-0.05388881727680894,2,stop
012450,2024-04-03,2024-04-04,245496.0,233221.19999999998,12,-158936.45979672018,-0.053888817276809164,1,stop
259960,2024-03-28,2024-04-08,255500.0,243500.0,14,-182163.9889999996,-0.05086796583336284,7,time
131290,2024-04-05,2024-04-08,65600.0,62320.0,44,-155723.58190400014,-0.053888817276809164,1,stop
240810,2024-04-01,2024-04-09,41650.0,39567.5,67,-150552.39796362538,-0.053888817276809164,6,stop
000500,2024-04-08,2024-04-09,31400.0,37680.0,98,601014.6710679997,0.19508780975560946,1,target
319660,2024-04-01,2024-04-11,30800.0,31450.0,90,46967.328675,0.016924015606437193,7,time
084370,2024-04-08,2024-04-11,50000.0,47500.0,61,-164549.93237499986,-0.05388881727680905,2,stop
039030,2024-04-04,2024-04-12,222500.0,267000.0,12,521483.5473000002,0.1950878097556097,5,target
010120,2024-04-09,2024-04-12,24560.0,29472.0,129,618795.8928455994,0.19508780975560946,2,target
267260,2024-04-09,2024-04-12,206500.0,247800.0,15,604979.508525,0.19508780975560946,2,target
000500,2024-04-11,2024-04-12,36950.0,44340.0,78,562909.2627990004,0.1950878097556097,1,target
064350,2024-04-11,2024-04-15,41200.0,39140.0,70,-155594.09999000002,-0.05388881727680905,2,stop
298040,2024-04-12,2024-04-16,325000.0,308750.0,10,-175340.09187499993,-0.05388881727680905,2,stop
000500,2024-04-15,2024-04-16,45100.0,42845.0,74,-180055.39157650014,-0.053888817276809164,1,stop
010120,2024-04-15,2024-04-16,27860.0,26467.0,121,-181871.37542035012,-0.053888817276809164,1,stop
257720,2024-04-15,2024-04-16,13530.0,12853.5,249,-181758.6182535747,-0.05388881727680894,1,stop
267260,2024-04-16,2024-04-17,234000.0,222300.0,13,-164118.32599500008,-0.05388881727680905,1,stop
006260,2024-04-16,2024-04-17,123600.0,117420.0,25,-166707.9642749997,-0.05388881727680894,1,stop
064760,2024-04-16,2024-04-19,135800.0,129010.0,23,-168509.92091149976,-0.05388881727680905,3,stop
003230,2024-04-16,2024-04-22,242500.0,291000.0,13,615721.678975,0.1950878097556097,4,target
319660,2024-04-18,2024-04-22,32050.0,30447.5,94,-162537.56762825,-0.05388881727680905,2,stop
031980,2024-04-19,2024-04-22,51100.0,48545.0,58,-159899.37363049993,-0.05388881727680905,1,stop
161390,2024-04-12,2024-04-23,60000.0,57000.0,58,-187748.77529999986,-0.05388881727680905,7,stop
010120,2024-04-19,2024-04-23,31420.0,29849.0,95,-161037.73545774957,-0.05388881727680894,2,stop
267260,2024-04-22,2024-04-23,237000.0,225150.0,13,-166222.40709749982,-0.05388881727680905,1,stop
010140,2024-04-22,2024-04-25,9870.0,9376.5,320,-170398.1988239996,-0.05388881727680894,3,stop
402340,2024-04-25,2024-04-26,82700.0,78565.0,36,-160622.3143170001,-0.053888817276809164,1,stop
178320,2024-04-26,2024-04-29,26100.0,24795.0,116,-163341.43451099936,-0.05388881727680883,1,stop
131290,2024-04-26,2024-04-30,69900.0,83880.0,43,587049.8494829996,0.19508780975560946,2,target
267260,2024-04-25,2024-05-02,250500.0,237975.0,12,-162176.09728500014,-0.053888817276809164,4,stop
082740,2024-04-26,2024-05-02,13010.0,12359.5,232,-162840.77111020032,-0.053888817276809164,3,stop
006260,2024-04-30,2024-05-03,140000.0,133000.0,25,-188827.79124999978,-0.05388881727680905,2,stop
131290,2024-05-02,2024-05-03,82000.0,77900.0,35,-154838.7888249997,-0.05388881727680894,1,stop
090430,2024-05-02,2024-05-07,172400.0,163780.0,16,-148817.87982399995,-0.05388881727680905,2,stop
084370,2024-04-25,2024-05-08,52000.0,53400.0,58,68600.44713999983,0.022719375656242713,7,time
178320,2024-05-07,2024-05-08,27250.0,25887.5,107,-157307.03781062458,-0.05388881727680894,1,stop
237690,2024-05-07,2024-05-08,101100.0,96045.0,29,-158178.34319025,-0.05388881727680905,1,stop
000500,2024-04-29,2024-05-09,47100.0,56520.0,61,561151.4530890007,0.1950878097556099,6,target
357780,2024-05-08,2024-05-13,312000.0,296400.0,9,-151493.83938000025,-0.053888817276809164,3,stop
257720,2024-05-10,2024-05-13,22000.0,26400.0,142,610155.28156,0.1950878097556097,1,target
259960,2024-05-10,2024-05-13,265000.0,251750.0,11,-157266.57471249998,-0.05388881727680905,1,stop
058470,2024-05-08,2024-05-14,59268.0,56304.6,48,-153482.6815790399,-0.05388881727680905,4,stop
000500,2024-05-13,2024-05-14,66800.0,63460.0,46,-165780.0105580003,-0.053888817276809164,1,stop
001440,2024-05-14,2024-05-16,18430.0,17508.5,161,-160084.42486592475,-0.05388881727680894,1,stop
032820,2024-05-14,2024-05-16,1738.0,2085.6,1712,581142.8276086403,0.1950878097556097,1,target
006260,2024-05-14,2024-05-20,153100.0,183720.0,19,568143.6294909995,0.19508780975560946,3,target
214150,2024-05-10,2024-05-22,48500.0,48700.0,64,41.452160000335425,1.3339091034181294e-05,7,time
105560,2024-05-14,2024-05-24,80000.0,76000.0,37,-159694.36059999978,-0.05388881727680905,7,stop
010120,2024-05-17,2024-05-24,38900.0,46680.0,82,623006.8236619998,0.19508780975560946,5,target
357780,2024-05-22,2024-05-24,327500.0,311125.0,10,-176688.86181249982,-0.05388881727680905,2,stop
298040,2024-05-20,2024-05-27,373000.0,447600.0,9,655663.0218300004,0.1950878097556097,5,target
178320,2024-05-24,2024-05-27,30050.0,36060.0,107,627997.0501165004,0.1950878097556097,1,target
007660,2024-05-17,2024-05-28,49209.0,48139.0,65,-82453.40416949987,-0.025748472944900125,7,time
032820,2024-05-24,2024-05-29,2220.0,2664.0,1460,633045.8702279995,0.19508780975560946,3,target
034020,2024-05-28,2024-05-29,21900.0,20805.0,144,-170139.23499599984,-0.05388881727680905,1,stop
010120,2024-05-27,2024-05-30,47000.0,44650.0,85,-215533.43601249997,-0.05388881727680905,3,stop
357780,2024-05-29,2024-05-30,343000.0,325850.0,10,-185051.23542500008,-0.05388881727680905,1,stop
042700,2024-05-29,2024-06-03,166400.0,158080.0,20,-179548.2540799994,-0.05388881727680894,3,stop
000150,2024-05-24,2024-06-04,193000.0,195500.0,16,27226.836399999913,0.008806851499230106,7,time
267260,2024-05-27,2024-06-05,285000.0,277000.0,14,-128021.63639999973,-0.03204876227396525,7,time
078600,2024-05-31,2024-06-11,117600.0,141120.0,30,689061.4063200001,0.1950878097556097,6,target
272210,2024-06-19,2024-06-20,21400.0,20330.0,167,-192809.36010550056,-0.053888817276809275,1,stop
007660,2024-06-19,2024-06-20,55044.0,52291.799999999996,65,-193028.40034334967,-0.05388881727680894,1,stop
319660,2024-06-19,2024-06-21,36750.0,34912.5,97,-192321.10538812447,-0.05388881727680894,2,stop
000250,2024-06-20,2024-06-24,161600.0,153520.0,21,-183087.4263960002,-0.053888817276809164,2,stop
078930,2024-06-24,2024-06-25,50800.0,48260.0,64,-175404.83283200022,-0.053888817276809164,1,stop
005380,2024-06-19,2024-06-28,286500.0,295000.0,12,87609.68729999987,0.02545347259425479,7,time
000270,2024-06-19,2024-06-28,132200.0,129300.0,27,-92697.28276499966,-0.025940155059251513,7,time
082740,2024-06-25,2024-06-28,16030.0,15228.5,194,-167777.26908145007,-0.05388881727680905,3,stop
086280,2024-06-20,2024-07-01,106291.0,120297.0,32,432931.45073599974,0.1271374359868236,7,time
087010,2024-06-28,2024-07-01,44967.0,53960.4,73,641130.0370842898,0.19508780975560946,1,target
009540,2024-06-21,2024-07-02,151500.0,157200.0,23,116433.33274499979,0.03337625794049415,7,time
079550,2024-07-01,2024-07-02,218000.0,207100.0,17,-199941.65553500038,-0.053888817276809164,1,stop
005830,2024-07-01,2024-07-02,114000.0,108300.0,32,-196812.50928000035,-0.053888817276809164,1,stop
329180,2024-06-28,2024-07-03,156600.0,148770.0,21,-177422.59265849972,-0.05388881727680894,3,stop
000100,2024-07-02,2024-07-03,83200.0,79040.0,42,-188525.6667839992,-0.05388881727680883,1,stop
000250,2024-07-03,2024-07-05,162500.0,195000.0,20,634764.6175000002,0.1950878097556097,2,target
178320,2024-07-04,2024-07-05,34150.0,32442.5,104,-191611.65240100026,-0.053888817276809164,1,stop
007660,2024-07-01,2024-07-08,56794.0,53954.299999999996,65,-199165.303558975,-0.05388881727680905,5,stop
087010,2024-07-03,2024-07-08,57468.0,68961.59999999999,59,662227.8551602797,0.19508780975560946,3,target
298380,2024-07-05,2024-07-10,29400.0,27930.0,123,-195096.8739195005,-0.053888817276809164,3,stop
032820,2024-07-10,2024-07-11,2925.0,2778.75,1195,-188578.2688115621,-0.05388881727680894,1,stop
105560,2024-07-03,2024-07-12,84300.0,87000.0,40,93862.48020000011,0.027803869600020237,7,time
319660,2024-07-05,2024-07-12,37850.0,35957.5,95,-193993.5801106249,-0.05388881727680905,5,stop
000150,2024-07-12,2024-07-15,263500.0,250325.0,13,-184808.45683625014,-0.053888817276809164,1,stop
000250,2024-07-08,2024-07-17,196700.0,189000.0,19,-161184.90314500034,-0.04307915588963651,7,time
000100,2024-07-08,2024-07-17,90000.0,96600.0,42,260891.6045400002,0.06893965205918429,7,time
039490,2024-07-12,2024-07-18,144600.0,137370.0,24,-187230.84764399938,-0.05388881727680894,4,stop
950160,2024-07-15,2024-07-18,18490.0,17565.5,182,-181554.14473105036,-0.053888817276809164,3,stop
009540,2024-07-11,2024-07-22,165500.0,186600.0,19,386831.3368549999,0.12287706596372971,7,time
010140,2024-07-18,2024-07-22,10930.0,10383.5,304,-179263.3938691998,-0.05388881727680905,2,stop
087010,2024-07-22,2024-07-24,79467.0,75493.65,43,-184354.24507209798,-0.053888817276809164,2,stop
010120,2024-07-24,2024-07-25,51600.0,49020.0,62,-172599.3913619998,-0.05388881727680905,1,stop
329180,2024-07-17,2024-07-26,168600.0,202320.0,22,724451.9751479998,0.19508780975560946,7,target
267250,2024-07-17,2024-07-26,81200.0,80900.0,46,-29066.913550000172,-0.0077729494126763665,7,time
267260,2024-07-25,2024-07-26,351500.0,333925.0,8,-151709.64256999968,-0.05388881727680894,1,stop
012450,2024-07-18,2024-07-29,278093.0,328517.0,11,540492.3347362,0.17648491091554375,7,time
055550,2024-07-23,2024-08-01,55100.0,60700.0,64,342891.5264000003,0.09712386648768168,7,time
010140,2024-07-29,2024-08-02,11990.0,11390.5,305,-197295.3689176254,-0.053888817276809164,4,stop
316140,2024-07-29,2024-08-02,16110.0,15304.5,227,-197296.44793357514,-0.053888817276809164,4,stop
329180,2024-07-29,2024-08-05,207000.0,196650.0,17,-189852.8564024996,-0.05388881727680894,5,stop
009540,2024-07-29,2024-08-05,200000.0,190000.0,18,-194222.87100000028,-0.053888817276809164,5,stop
005940,2024-08-02,2024-08-05,13880.0,13186.0,264,-197692.9862951995,-0.05388881727680894,1,stop
298380,2025-02-19,2025-02-20,44550.0,42322.5,78,-187473.62623274978,-0.05388881727680905,1,stop
010120,2025-02-19,2025-02-20,58100.0,55195.0,60,-188072.48008499993,-0.05388881727680905,1,stop
000150,2025-02-19,2025-02-20,360000.0,342000.0,9,-174800.58389999997,-0.05388881727680905,1,stop
034020,2025-02-19,2025-02-20,30900.0,29355.0,113,-188379.9996307497,-0.05388881727680894,1,stop
010140,2025-02-20,2025-02-21,14680.0,13946.0,232,-183743.46809360012,-0.053888817276809164,1,stop
082740,2025-02-20,2025-02-21,26300.0,24985.0,129,-183038.8706782502,-0.053888817276809164,1,stop
064350,2025-02-24,2025-02-25,89000.0,84550.0,37,-177659.97616750002,-0.05388881727680905,1,stop
012450,2025-02-19,2025-02-28,629227.0,597765.65,5,-169736.49229266262,-0.053888817276809164,7,stop
096770,2025-02-21,2025-02-28,132500.0,125875.0,25,-178712.0167187499,-0.05388881727680905,5,stop
000150,2025-02-24,2025-02-28,363000.0,344850.0,9,-176257.25543250004,-0.05388881727680905,4,stop
138040,2025-02-21,2025-03-04,123800.0,117610.0,26,-173656.82699300023,-0.053888817276809164,6,stop
214150,2025-02-28,2025-03-04,67300.0,63935.0,45,-163389.99022874935,-0.05388881727680883,1,stop
011200,2025-02-25,2025-03-07,19670.0,21650.0,168,318116.6128560002,0.09615535846504608,7,time
047810,2025-03-18,2025-03-19,97100.0,92245.0,32,-167635.917992,-0.05388881727680905,1,stop
950160,2025-03-19,2025-03-20,57200.0,54340.0,54,-166643.22331800032,-0.053888817276809164,1,stop
272210,2025-03-19,2025-03-20,42150.0,40042.5,73,-166003.9063676251,-0.053888817276809164,1,stop
082740,2025-03-19,2025-03-20,26900.0,25555.0,115,-166896.79206625,-0.05388881727680905,1,stop
006800,2025-03-18,2025-03-27,9877.0,9907.0,318,-3360.1034021996893,-0.0010685657547142569,7,time
012330,2025-03-20,2025-03-31,269500.0,260500.0,11,-110857.25694999984,-0.0373519652401475,7,time
036930,2025-03-21,2025-03-31,39750.0,37762.5,75,-160840.8150468748,-0.05388881727680905,6,stop
021240,2025-03-21,2025-03-31,85300.0,81035.0,34,-156468.10290949978,-0.05388881727680905,6,stop
003230,2025-05-19,2025-05-21,1182000.0,1122900.0,2,-127539.68528999947,-0.05388881727680883,2,stop
108490,2025-05-19,2025-05-22,55313.0,52547.35,52,-155177.38403010974,-0.05388881727680894,3,stop
034020,2025-05-19,2025-05-26,34900.0,41880.0,83,565760.8207730004,0.1950878097556097,5,target
000720,2025-05-22,2025-05-26,48450.0,58140.0,56,529921.0339080002,0.1950878097556097,2,target
083650,2025-05-19,2025-05-28,37550.0,35672.5,77,-155990.63835162483,-0.05388881727680905,7,stop
015760,2025-05-19,2025-05-28,28100.0,30300.0,104,216148.9064799999,0.0738778361682968,7,time
214370,2025-05-27,2025-05-28,35250.0,33487.5,95,-180667.7331281253,-0.053888817276809164,1,stop
298380,2025-05-28,2025-05-29,81200.0,77140.0,37,-162089.7760089999,-0.05388881727680905,1,stop
000880,2025-05-28,2025-05-29,62000.0,74400.0,48,581249.0774400006,0.1950878097556099,1,target
000720,2025-05-28,2025-05-29,64700.0,61465.0,46,-160568.36351949954,-0.05388881727680894,1,stop
000500,2025-05-21,2025-05-30,73700.0,70015.0,39,-155070.7772542499,-0.05388881727680905,7,stop
006800,2025-05-30,2025-06-02,16468.0,15644.599999999999,173,-153703.87984879036,-0.053888817276809164,1,stop
010140,2025-06-02,2025-06-04,17060.0,16207.0,158,-145423.2956453003,-0.053888817276809164,1,stop
267250,2025-05-29,2025-06-05,101900.0,122280.0,30,597069.3648300003,0.1950878097556097,4,target
064350,2025-05-27,2025-06-09,139700.0,153400.0,24,314090.23620000016,0.09357235753108162,7,time
377300,2025-05-29,2025-06-09,37750.0,45300.0,82,604588.884145,0.1950878097556097,5,target
032830,2025-06-09,2025-06-10,121600.0,115520.0,30,-196812.50928000035,-0.053888817276809164,1,stop
402340,2025-05-29,2025-06-11,113000.0,135600.0,27,595897.49169,0.1950878097556097,7,target
323410,2025-06-10,2025-06-11,30650.0,29117.5,116,-191816.66543149995,-0.05388881727680905,1,stop
218410,2025-06-04,2025-06-16,21550.0,23300.0,118,195469.91489499994,0.07678058651607511,7,time
034020,2025-06-09,2025-06-16,47200.0,56640.0,78,719061.3587039998,0.19508780975560946,5,target
272210,2025-06-11,2025-06-16,53000.0,63600.0,66,683202.0406200001,0.1950878097556097,3,target
000880,2025-06-05,2025-06-17,92200.0,96100.0,39,136915.29403499933,0.03803270532821812,7,time
064400,2025-06-16,2025-06-17,64500.0,77400.0,58,730662.9027900007,0.1950878097556097,1,target
011200,2025-06-16,2025-06-17,25000.0,23750.0,151,-203664.26056249952,-0.05388881727680894,1,stop
377300,2025-06-11,2025-06-19,54600.0,65520.0,64,682498.9167360007,0.1950878097556099,6,target
032820,2025-06-17,2025-06-19,3510.0,4212.0,1169,801403.0248860992,0.19508780975560946,2,target
064400,2025-06-19,2025-06-23,81800.0,98160.0,57,910662.6170939999,0.19508780975560946,2,target
377300,2025-06-23,2025-06-24,80500.0,76475.0,70,-304012.7439124994,-0.05388881727680894,1,stop
079550,2025-06-16,2025-06-25,548000.0,527000.0,6,-139103.42729999963,-0.04225779236434557,7,time
108490,2025-06-24,2025-06-25,82190.0,78080.5,65,-288224.0430241255,-0.053888817276809164,1,stop
347850,2025-06-17,2025-06-26,32657.0,31024.149999999998,125,-220233.899244688,-0.053888817276809164,7,stop
298040,2025-06-17,2025-06-26,773000.0,863000.0,5,432833.83450000035,0.11185940040867948,7,time
323410,2025-06-25,2025-06-26,35950.0,34152.5,114,-221106.55339424964,-0.05388881727680894,1,stop
071050,2025-06-25,2025-06-26,148400.0,140980.0,27,-216170.05542300036,-0.053888817276809164,1,stop
402340,2025-06-26,2025-06-27,190000.0,180500.0,20,-205013.03049999988,-0.05388881727680905,1,stop
035420,2025-06-19,2025-06-30,254500.0,262500.0,18,124801.62660000101,0.027212017226089014,7,time
024110,2025-06-26,2025-06-30,18840.0,17898.0,211,-214467.3682539002,-0.053888817276809164,2,stop
278470,2025-06-26,2025-07-02,149500.0,142025.0,26,-209706.7498824997,-0.05388881727680905,4,stop
034730,2025-07-02,2025-07-03,223000.0,211850.0,16,-192496.44548000023,-0.053888817276809164,1,stop
218410,2025-06-27,2025-07-04,26600.0,25270.0,147,-210958.40838450007,-0.05388881727680905,5,stop
006260,2025-06-30,2025-07-04,190000.0,180500.0,22,-225514.3335500001,-0.05388881727680905,4,stop
267270,2025-07-03,2025-07-04,84400.0,80180.0,42,-191244.78697799984,-0.05388881727680905,1,stop
015760,2025-06-26,2025-07-07,36600.0,37000.0,108,26873.2792799999,0.006790732262239363,7,time
030200,2025-06-30,2025-07-09,55500.0,55600.0,76,-9708.612780000083,-0.0022990657295511863,7,time
316140,2025-07-09,2025-07-10,25950.0,24652.5,149,-208603.456073625,-0.05388881727680905,1,stop
033780,2025-07-08,2025-07-17,138600.0,140700.0,27,41196.56152499933,0.01099600067709372,7,time
214450,2025-07-09,2025-07-18,576000.0,567000.0,6,-68004.18449999997,-0.019654531059851488,7,time
055550,2025-07-09,2025-07-18,70800.0,68900.0,54,-117965.76830999972,-0.030819796467025595,7,time
086790,2025-07-09,2025-07-18,94500.0,91500.0,40,-135137.4299999997,-0.03570957149348952,7,time
078930,2025-07-10,2025-07-21,53500.0,51800.0,78,-149310.87717000023,-0.03573911923145523,7,time
347850,2025-07-18,2025-07-21,37612.0,35731.4,99,-200890.5421614293,-0.05388881727680894,1,stop
214370,2025-07-23,2025-07-24,61300.0,58235.0,63,-208352.5848652497,-0.05388881727680905,1,stop
196170,2025-07-17,2025-07-28,482000.0,457900.0,7,-182029.99076500023,-0.053888817276809164,7,stop
087010,2025-07-18,2025-07-29,282500.0,299000.0,13,198817.0037750001,0.05407449886999194,7,time
010140,2025-07-18,2025-07-29,18820.0,18740.0,198,-31064.67144000018,-0.00832688829170547,7,time
141080,2025-07-21,2025-07-29,144000.0,136800.0,26,-201991.78583999956,-0.05388881727680894,6,stop
218410,2025-07-29,2025-07-30,29700.0,28215.0,124,-198689.99703300046,-0.053888817276809164,1,stop
082740,2025-07-28,2025-07-31,35800.0,34010.0,91,-175760.90809550043,-0.053888817276809164,3,stop
298040,2025-07-29,2025-07-31,1256000.0,1193200.0,2,-135524.40331999958,-0.05388881727680894,2,stop
062040,2025-07-24,2025-08-01,99900.0,119880.0,36,702420.7601160007,0.1950878097556097,6,target
012450,2025-07-30,2025-08-01,998000.0,948100.0,4,-215371.58362000016,-0.053888817276809164,2,stop
329180,2025-08-01,2025-08-04,496500.0,471675.0,7,-187505.99671124993,-0.05388881727680905,1,stop
278470,2025-08-01,2025-08-06,179800.0,215760.0,19,667225.5034779995,0.19508780975560946,3,target
042660,2025-07-29,2025-08-07,100100.0,117000.0,36,591838.1328600002,0.1640465679437757,7,time
010170,2025-08-06,2025-08-08,1096.0,1041.2,3429,-202757.02395173954,-0.05388881727680894,2,stop
010120,2025-08-06,2025-08-12,64600.0,61370.0,58,-202142.84807300055,-0.053888817276809275,4,stop
278470,2025-08-08,2025-08-13,217000.0,206150.0,16,-187317.16891999962,-0.05388881727680894,3,stop
267270,2025-08-05,2025-08-14,98400.0,101000.0,36,78806.59884000011,0.022221110986759607,7,time
082740,2025-08-06,2025-08-18,37200.0,40350.0,101,301814.3208525004,0.08023730115678429,7,time
034220,2025-08-14,2025-08-18,12980.0,12331.0,279,-195378.49708244996,-0.05388881727680905,1,stop
086280,2025-08-07,2025-08-19,159500.0,174600.0,26,374447.36016999977,0.09018982018458432,7,time
087010,2025-08-18,2025-08-19,345000.0,327750.0,10,-186130.251375,-0.05388881727680905,1,stop
214450,2025-08-12,2025-08-20,680000.0,646000.0,5,-183432.71149999974,-0.05388881727680905,5,stop
336260,2025-08-18,2025-08-20,26500.0,25175.0,141,-201587.15485874983,-0.05388881727680905,2,stop
240810,2025-08-13,2025-08-25,39250.0,41100.0,91,153215.94993250025,0.042847324436423806,7,time
032640,2025-08-19,2025-08-28,15350.0,14830.0,263,-152901.46299199993,-0.0378310413313957,7,time
083650,2025-08-22,2025-08-28,48850.0,58620.0,73,696493.0351495002,0.1950878097556097,4,target
329180,2025-08-28,2025-08-29,527000.0,500650.0,7,-199024.49197750026,-0.053888817276809164,1,stop
010170,2025-08-28,2025-08-29,1179.0,1120.05,3465,-220401.68622491276,-0.053888817276809164,1,stop
336260,2025-08-25,2025-09-01,27350.0,25982.5,134,-197724.27775774943,-0.05388881727680894,5,stop
138040,2025-08-22,2025-09-02,128000.0,125800.0,28,-76106.34891999979,-0.021210634978804044,7,time
003230,2025-08-29,2025-09-02,1626000.0,1544700.0,2,-175447.9934700001,-0.05388881727680905,2,stop
082740,2025-09-01,2025-09-02,46800.0,44460.0,92,-232290.5537159997,-0.05388881727680905,1,stop
010140,2025-08-25,2025-09-03,20250.0,21050.0,182,130066.84781999979,0.03525096277183448,7,time
226950,2025-09-03,2025-09-05,77600.0,93120.0,47,712342.619368,0.19508780975560946,2,target
319400,2025-09-03,2025-09-05,6360.0,7632.0,574,713014.4933015998,0.19508780975560946,2,target
009540,2025-08-29,2025-09-09,404000.0,414000.0,9,74833.62030000007,0.020557659321003285,7,time
010170,2025-09-05,2025-09-10,1255.0,1506.0,3482,853496.6922029005,0.1950878097556097,3,target
012330,2025-09-02,2025-09-11,321500.0,316000.0,11,-74814.92727500014,-0.021130772724798796,7,time
032830,2025-09-03,2025-09-12,151900.0,159900.0,24,176493.57648000028,0.048357147135845935,7,time
009150,2025-09-05,2025-09-16,180200.0,192900.0,24,286177.5389999999,0.06609525759275381,7,time
214370,2025-09-16,2025-09-17,67200.0,63840.0,68,-246533.56425600033,-0.053888817276809164,1,stop
007660,2025-09-09,2025-09-18,69200.0,78100.0,54,463869.0134099992,0.12399274978219044,7,time
067310,2025-09-10,2025-09-18,16000.0,19200.0,327,1021873.3780800002,0.1950878097556097,6,target
267260,2025-09-11,2025-09-22,568000.0,585000.0,6,87732.63330000034,0.025713569112429058,7,time
336260,2025-09-12,2025-09-22,32350.0,30732.5,120,-209436.9958949997,-0.05388881727680905,6,stop
047810,2025-09-18,2025-09-22,112000.0,106400.0,46,-277954.5087199984,-0.05388881727680883,2,stop
108490,2025-09-22,2025-09-23,134582.0,161498.4,30,788565.1546373996,0.19508780975560946,1,target
226950,2025-09-22,2025-09-24,100700.0,95665.0,40,-217313.81232999964,-0.05388881727680894,2,stop
347850,2025-09-23,2025-09-24,54930.0,52183.5,88,-260789.52298740018,-0.053888817276809164,1,stop
440110,2025-09-24,2025-09-25,24750.0,23512.5,169,-225662.69824312534,-0.053888817276809164,1,stop
141080,2025-09-24,2025-09-25,159100.0,151145.0,26,-223172.8689384996,-0.05388881727680894,1,stop
000990,2025-09-17,2025-09-26,55900.0,56300.0,78,13239.049200000241,0.003032851658330671,7,time
353200,2025-09-25,2025-09-26,28800.0,27360.0,138,-214422.0495839999,-0.05388881727680905,1,stop
084370,2025-09-18,2025-09-29,60500.0,69400.0,86,741820.6279300004,0.14241176304461867,7,time
319660,2025-09-22,2025-10-01,31350.0,32900.0,129,182786.80187249975,0.04514590486335868,7,time
222800,2025-09-25,2025-10-02,41000.0,49200.0,97,776756.5796300005,0.1950878097556097,5,target
100790,2025-09-26,2025-10-13,8200.0,7790.0,496,-219428.68359200004,-0.05388881727680905,6,stop
082740,2025-10-02,2025-10-13,49450.0,46977.5,96,-256115.22589199897,-0.05388881727680883,2,stop
034220,2025-09-26,2025-10-14,14110.0,14030.0,288,-39625.85030400008,-0.009740020619465994,7,time
353200,2025-10-13,2025-10-14,34750.0,33012.5,120,-224974.82557499968,-0.05388881727680905,1,stop
067310,2025-10-14,2025-10-15,28300.0,26885.0,142,-216806.67483349983,-0.05388881727680905,1,stop
131970,2025-10-14,2025-10-15,51000.0,48450.0,79,-217367.76312749973,-0.05388881727680905,1,stop
278470,2025-09-30,2025-10-16,245500.0,242500.0,24,-95934.33479999937,-0.0162634288332133,7,time
064760,2025-10-01,2025-10-17,177900.0,180000.0,24,32753.74355999939,0.007662571463414425,7,time
032830,2025-10-15,2025-10-17,165300.0,157035.0,23,-205115.53701524995,-0.05388881727680905,2,stop
062040,2025-10-17,2025-10-21,135000.0,128250.0,29,-211217.37221249985,-0.05388881727680905,2,stop
108490,2025-10-13,2025-10-22,185400.0,186500.0,22,7412.91902999999,0.0018153385446835202,7,time
319400,2025-10-15,2025-10-22,10780.0,10241.0,355,-206464.30695274984,-0.05388881727680905,5,stop
010170,2025-10-17,2025-10-22,1736.0,1649.1999999999998,2282,-213728.8897377206,-0.053888817276809275,3,stop
084370,2025-10-21,2025-10-22,92000.0,87400.0,40,-198538.93479999993,-0.05388881727680905,1,stop
011070,2025-10-22,2025-10-23,222500.0,211375.0,16,-192064.83909999998,-0.05388881727680905,1,stop
051910,2025-10-23,2025-10-24,406500.0,386175.0,9,-197378.99265374988,-0.05388881727680905,1,stop
042700,2025-10-16,2025-10-27,141500.0,149600.0,41,307345.24529499933,0.052915997287627636,7,time
010140,2025-10-22,2025-10-27,24300.0,29160.0,154,730897.2774179997,0.19508780975560946,3,target
000150,2025-10-22,2025-10-28,740000.0,888000.0,5,722655.1030000001,0.1950878097556097,4,target
066970,2025-10-27,2025-10-28,145200.0,137940.0,36,-282011.6086919997,-0.05388881727680905,1,stop
010120,2025-10-24,2025-10-30,73100.0,87720.0,50,713866.0544499997,0.19508780975560946,4,target
310210,2025-10-28,2025-10-30,209000.0,198550.0,22,-248065.76690499857,-0.05388881727680883,2,stop
329180,2025-10-22,2025-10-31,582000.0,600000.0,6,93370.69620000012,0.026707740339870778,7,time
007660,2025-10-27,2025-10-31,96000.0,115200.0,55,1031248.3632000005,0.1950878097556097,4,target
034020,2025-10-30,2025-10-31,93200.0,88540.0,48,-241354.2876960002,-0.053888817276809164,1,stop
067310,2025-10-31,2025-11-03,29800.0,28310.0,158,-254021.93494900037,-0.053888817276809164,1,stop
108490,2025-10-31,2025-11-03,235000.0,223250.0,20,-253568.74824999925,-0.05388881727680894,1,stop
032820,2025-10-31,2025-11-03,5280.0,5016.0,895,-254949.8886659993,-0.05388881727680894,1,stop
226950,2025-11-03,2025-11-04,118500.0,112575.0,37,-236547.27163874963,-0.05388881727680894,1,stop
267250,2025-10-28,2025-11-05,210000.0,199500.0,22,-249252.6844499996,-0.05388881727680894,6,stop
222800,2025-10-30,2025-11-05,63500.0,60325.0,70,-239811.29488749988,-0.05388881727680905,4,stop
010170,2025-11-04,2025-11-05,2731.0,2594.45,1581,-232943.95182452258,-0.05388881727680905,1,stop
347850,2025-11-03,2025-11-06,68819.0,82582.8,64,860236.1346310405,0.1950878097556097,3,target
039030,2025-11-05,2025-11-06,285000.0,270750.0,14,-215263.682025,-0.05388881727680905,1,stop
001440,2025-11-03,2025-11-07,25200.0,23940.0,177,-240642.13716899976,-0.05388881727680905,4,stop
196170,2025-11-05,2025-11-07,551000.0,523450.0,7,-208088.22595749982,-0.05388881727680905,2,stop
353200,2025-11-06,2025-11-07,43950.0,41752.5,109,-258453.99296362512,-0.05388881727680905,1,stop
440110,2025-11-06,2025-11-07,27200.0,25840.0,177,-259740.71948399954,-0.05388881727680894,1,stop
319660,2025-11-07,2025-11-10,39000.0,37050.0,109,-229344.84017249942,-0.05388881727680894,1,stop
084370,2025-11-05,2025-11-14,97500.0,92625.0,43,-226188.71851875028,-0.053888817276809164,7,stop
161390,2025-11-10,2025-11-14,50500.0,60600.0,81,798924.5131950001,0.1950878097556097,4,target
011070,2025-11-07,2025-11-18,248500.0,236075.0,17,-227915.1440387508,-0.053888817276809275,7,stop
055550,2025-11-07,2025-11-18,80700.0,76665.0,52,-226399.1266289996,-0.05388881727680894,7,stop
105560,2025-11-07,2025-11-18,128000.0,122500.0,33,-198275.72572500072,-0.046886349641522496,7,time
068270,2025-11-14,2025-11-18,193900.0,184205.0,22,-230143.31197549962,-0.05388881727680894,2,stop
007660,2025-11-18,2025-11-19,127600.0,121220.0,31,-213407.77459099982,-0.05388881727680905,1,stop
950160,2025-11-18,2025-11-19,56900.0,54055.0,71,-217955.82682024967,-0.05388881727680894,1,stop
095340,2025-11-19,2025-11-21,87100.0,82745.0,45,-211460.15080124978,-0.05388881727680905,2,stop
058610,2025-11-20,2025-11-21,37900.0,45480.0,104,769842.5281039998,0.19508780975560946,1,target
010950,2025-11-20,2025-11-24,89100.0,84645.0,44,-211508.70651900023,-0.053888817276809164,2,stop
087010,2025-11-21,2025-11-24,376000.0,357200.0,11,-223140.49845999992,-0.05388881727680905,1,stop
010120,2025-11-21,2025-11-24,94400.0,89680.0,43,-218997.07721200027,-0.053888817276809164,1,stop
950160,2025-11-21,2025-11-24,56400.0,67680.0,73,804139.3486680002,0.1950878097556097,1,target
298380,2025-11-14,2025-11-25,163500.0,166000.0,27,49209.50272500049,0.011134436388538393,7,time
214370,2025-11-24,2025-11-26,77700.0,73815.0,53,-222174.77918475028,-0.053888817276809164,2,stop
058610,2025-11-24,2025-11-26,47550.0,45172.5,86,-220620.99621674977,-0.05388881727680905,2,stop
347850,2025-11-25,2025-11-26,105600.0,100320.0,40,-227888.1686400012,-0.053888817276809386,1,stop
095340,2025-11-26,2025-11-27,109000.0,103550.0,37,-217583.56631750008,-0.05388881727680905,1,stop
007660,2025-11-26,2025-11-28,146500.0,139175.0,27,-213402.37951124972,-0.05388881727680905,2,stop
950160,2025-11-27,2025-11-28,69000.0,82800.0,58,781639.3843799997,0.19508780975560946,1,target
326030,2025-11-27,2025-12-01,142000.0,134900.0,28,-214508.37085999968,-0.05388881727680894,2,stop
440110,2025-11-28,2025-12-01,28900.0,27455.0,149,-232317.52911475068,-0.053888817276809275,1,stop
058610,2025-11-28,2025-12-01,51700.0,62040.0,83,838104.1385089988,0.19508780975560924,1,target
950160,2025-12-01,2025-12-02,85400.0,81130.0,50,-230369.9053249997,-0.05388881727680905,1,stop
058470,2025-11-26,2025-12-05,65700.0,65400.0,61,-34670.40682500042,-0.008641010172287467,7,time
015760,2025-11-26,2025-12-05,52100.0,52200.0,78,-8877.25994999893,-0.0021819630639341447,7,time
095340,2025-12-01,2025-12-08,111200.0,105640.0,38,-227974.48991599958,-0.05388881727680894,5,stop
005380,2025-12-08,2025-12-09,321000.0,304950.0,13,-225136.67796749994,-0.05388881727680905,1,stop
237690,2025-12-01,2025-12-10,118400.0,125000.0,36,219431.37564000022,0.05142156685987609,7,time
043260,2025-12-09,2025-12-10,4500.0,5400.0,886,778709.7015300002,0.1950878097556097,1,target
098460,2025-12-02,2025-12-11,26450.0,27250.0,161,110968.31137000024,0.026028444103351145,7,time
247540,2025-12-10,2025-12-11,185300.0,176035.0,24,-239929.98664199933,-0.05388881727680894,1,stop
086520,2025-12-10,2025-12-11,120200.0,114190.0,38,-246425.66266100015,-0.053888817276809164,1,stop
307950,2025-12-05,2025-12-16,286000.0,282000.0,14,-72244.10199999996,-0.01802225422178927,7,time
012330,2025-12-05,2025-12-16,347500.0,357000.0,11,88526.55927500036,0.023132729215234127,7,time
108490,2025-12-12,2025-12-17,303500.0,288325.0,14,-229236.93857749924,-0.05388881727680894,3,stop
226950,2025-12-16,2025-12-17,142100.0,134995.0,29,-222325.84141774988,-0.05388881727680905,1,stop
100790,2025-12-16,2025-12-18,10560.0,12672.0,398,820873.6971071996,0.19508780975560946,2,target
319400,2025-12-19,2025-12-22,13820.0,16584.0,331,893439.9881798001,0.1950878097556097,1,target
000810,2025-12-12,2025-12-23,507000.0,498000.0,8,-88410.03959999979,-0.02177230562410648,7,time
237690,2025-12-12,2025-12-23,129100.0,124900.0,33,-155650.96172999963,-0.03649323884278566,7,time
100790,2025-12-22,2025-12-23,18440.0,17518.0,272,-270599.9360047998,-0.05388881727680905,1,stop
307950,2025-12-23,2025-12-24,308500.0,293075.0,13,-216369.67337374995,-0.05388881727680905,1,stop
058610,2025-12-22,2025-12-26,86300.0,81985.0,58,-270045.32180649973,-0.05388881727680905,3,stop
319400,2025-12-24,2025-12-26,16830.0,20196.0,250,821776.0394249996,0.19508780975560946,1,target
277810,2025-12-24,2025-12-26,497000.0,472150.0,8,-214508.37086000014,-0.053888817276809164,1,stop
033780,2025-12-17,2025-12-29,149100.0,141645.0,26,-209145.6615884998,-0.05388881727680905,7,stop
043260,2025-12-30,2026-01-02,8900.0,10680.0,494,858709.574554,0.1950878097556097,1,target
402340,2025-12-29,2026-01-05,345500.0,414600.0,12,809764.3397400007,0.1950878097556097,3,target
080220,2026-01-02,2026-01-05,26750.0,32100.0,217,1133738.4349025013,0.1950878097556099,1,target
047810,2025-12-30,2026-01-06,115700.0,138840.0,38,858709.574554,0.1950878097556097,3,target
240810,2026-01-05,2026-01-06,83000.0,78850.0,71,-317932.0496675009,-0.053888817276809275,1,stop
095340,2026-01-05,2026-01-06,122000.0,115900.0,48,-315935.87015999854,-0.05388881727680883,1,stop
005930,2025-12-29,2026-01-07,119400.0,143280.0,36,839529.9174960004,0.1950878097556097,5,target
010170,2026-01-06,2026-01-07,3277.0,3113.1499999999996,1681,-297195.35928800795,-0.053888817276809164,1,stop
000660,2025-12-30,2026-01-08,639000.0,766800.0,6,748826.9364599991,0.19508780975560924,5,target
319660,2026-01-07,2026-01-08,45600.0,43320.0,117,-287838.29482199997,-0.05388881727680905,1,stop
403870,2026-01-07,2026-01-08,36250.0,34437.5,147,-287490.3121781247,-0.05388881727680905,1,stop
086280,2026-01-08,2026-01-09,233500.0,221825.0,20,-251950.22432499938,-0.05388881727680894,1,stop
005380,2026-01-08,2026-01-09,361000.0,342950.0,13,-253191.09266749956,-0.05388881727680894,1,stop
307950,2026-01-08,2026-01-13,416500.0,499800.0,11,894822.7984850006,0.1950878097556097,3,target
042700,2026-01-06,2026-01-15,169000.0,180000.0,32,328799.22080000024,0.06072882522687251,7,time
039030,2026-01-06,2026-01-15,309500.0,301500.0,17,-157161.74450000003,-0.029835824875292682,7,time
000880,2026-01-15,2026-01-16,130900.0,124355.0,41,-289548.5351027502,-0.05388881727680905,1,stop
043260,2026-01-15,2026-01-16,14900.0,14155.0,365,-293411.4122037506,-0.053888817276809164,1,stop
000720,2026-01-13,2026-01-19,88800.0,106560.0,73,1266091.740456,0.1950878097556097,4,target
047810,2026-01-09,2026-01-20,145600.0,165700.0,33,641653.5270749992,0.13339085437559794,7,time
207940,2026-01-09,2026-01-20,1875000.0,1920000.0,2,74366.4254999999,0.019808264324786773,7,time
272210,2026-01-16,2026-01-20,95200.0,90440.0,54,-277350.259788,-0.05388881727680905,2,stop
032820,2026-01-20,2026-01-21,7430.0,8916.0,634,920041.5084578004,0.1950878097556097,1,target
454910,2026-01-20,2026-01-21,123100.0,116945.0,38,-252371.04054549988,-0.05388881727680905,1,stop
058610,2026-01-20,2026-01-21,112900.0,107255.0,41,-249732.84654774982,-0.05388881727680905,1,stop
267250,2026-01-21,2026-01-22,264000.0,250800.0,18,-256374.1897199992,-0.05388881727680894,1,stop
015760,2026-01-21,2026-01-23,65300.0,62035.0,74,-260701.0436795,-0.05388881727680905,2,stop
005380,2026-01-22,2026-01-23,586000.0,556700.0,7,-221306.1713449997,-0.05388881727680905,1,stop
006400,2026-01-23,2026-01-26,402000.0,381900.0,11,-238570.42654500017,-0.053888817276809164,1,stop
000250,2026-01-23,2026-01-26,326000.0,391200.0,13,827733.0612199996,0.19508780975560946,1,target
000270,2026-01-16,2026-01-27,158000.0,150100.0,32,-272775.2321599992,-0.05388881727680894,7,stop
000990,2026-01-19,2026-01-28,83600.0,100320.0,94,1534841.3138960004,0.1950878097556097,7,target
006800,2026-01-26,2026-01-29,33554.0,40264.799999999996,142,930597.7417029198,0.19508780975560946,3,target
277810,2026-01-27,2026-01-29,650000.0,780000.0,7,888670.4645000007,0.1950878097556097,2,target
047040,2026-01-21,2026-01-30,4880.0,4970.0,994,69317.046742999,0.014273636353377528,7,time
237690,2026-01-26,2026-01-30,138300.0,165960.0,34,918396.9798180005,0.1950878097556097,4,target
086520,2026-01-29,2026-01-30,174800.0,166060.0,32,-301779.18089600094,-0.053888817276809275,1,stop
058610,2026-01-29,2026-02-02,154200.0,146490.0,36,-299491.6670819996,-0.05388881727680905,2,stop
010170,2026-01-30,2026-02-02,3910.0,3714.5,1353,-285412.12745842524,-0.053888817276809164,1,stop
218410,2026-01-30,2026-02-02,49950.0,47452.5,105,-282958.44518812466,-0.05388881727680905,1,stop
080220,2026-02-02,2026-02-03,42550.0,40422.5,119,-273177.1656013746,-0.05388881727680905,1,stop
058470,2026-02-02,2026-02-03,100700.0,95665.0,50,-271642.2654124992,-0.05388881727680894,1,stop
043260,2026-01-30,2026-02-04,16950.0,20340.0,312,1032888.9855960002,0.1950878097556097,3,target
353200,2026-02-02,2026-02-05,62400.0,59280.0,81,-272688.91088400036,-0.053888817276809164,3,stop
272210,2026-02-04,2026-02-05,124800.0,118560.0,45,-302987.6787600005,-0.053888817276809164,1,stop
017670,2026-01-28,2026-02-06,70000.0,69200.0,138,-149663.1472799983,-0.015475280534664293,7,time
006800,2026-02-04,2026-02-06,51277.0,48713.149999999994,110,-304307.8547748262,-0.053888817276809275,2,stop
100790,2026-02-05,2026-02-06,23450.0,22277.5,215,-272006.4332956234,-0.05388881727680872,1,stop
440110,2026-02-05,2026-02-09,41100.0,49320.0,123,987361.7141069993,0.19508780975560946,2,target
095340,2026-02-09,2026-02-11,170000.0,161500.0,37,-339350.5162749998,-0.05388881727680905,2,stop
033780,2026-02-03,2026-02-12,156800.0,172200.0,30,441360.06810000073,0.09371875446383937,7,time
005830,2026-02-06,2026-02-13,159300.0,191160.0,41,1275642.5065469993,0.19508780975560946,5,target
047040,2026-02-11,2026-02-13,7480.0,7106.0,808,-326069.9879623996,-0.05388881727680905,2,stop
032820,2026-02-12,2026-02-13,12710.0,12074.5,405,-277714.42767112516,-0.05388881727680905,1,stop
009830,2026-02-09,2026-02-19,41900.0,50280.0,151,1235720.6949110003,0.1950878097556097,5,target
440110,2026-02-13,2026-02-19,55000.0,52250.0,111,-329369.61873750016,-0.05388881727680905,1,stop
086790,2026-02-06,2026-02-20,113000.0,131300.0,57,1013628.3828450004,0.1571904824550998,7,time
017670,2026-02-19,2026-02-23,84200.0,79990.0,80,-363412.5719599994,-0.05388881727680894,2,stop
005940,2026-02-20,2026-02-23,42450.0,40327.5,177,-405367.4096358754,-0.053888817276809164,1,stop
006800,2026-02-19,2026-02-24,68503.0,65077.85,99,-365883.3566331081,-0.053888817276809164,3,stop
032820,2026-02-23,2026-02-24,15540.0,18648.0,433,1314220.5703157987,0.19508780975560946,1,target
006260,2026-02-13,2026-02-25,247500.0,297000.0,24,1160154.4085999997,0.19508780975560946,5,target
010170,2026-02-24,2026-02-25,4760.0,4522.0,1526,-391885.6448485991,-0.05388881727680894,1,stop
267270,2026-02-13,2026-02-27,142000.0,140700.0,43,-80758.81320500001,-0.013210945817991426,7,time
047050,2026-02-23,2026-02-27,75100.0,71345.0,89,-360601.7354102498,-0.05388881727680905,4,stop
180640,2026-02-25,2026-03-03,158500.0,150575.0,44,-376252.86176500004,-0.05388881727680905,3,stop
042700,2026-02-27,2026-03-03,263500.0,316200.0,23,1183689.5274949996,0.19508780975560946,1,target
000250,2026-02-27,2026-03-03,857000.0,814150.0,7,-323650.8342024991,-0.05388881727680894,1,stop
009150,2026-02-24,2026-03-04,425500.0,404225.0,17,-390253.09371624887,-0.05388881727680894,5,stop
006400,2026-02-25,2026-03-04,422000.0,400900.0,16,-364275.7847199999,-0.05388881727680905,4,stop
178320,2026-03-03,2026-03-04,46300.0,43985.0,144,-359700.757092,-0.05388881727680905,1,stop
005380,2026-03-03,2026-03-04,654000.0,621300.0,10,-352838.2156499997,-0.05388881727680905,1,stop
226950,2026-03-03,2026-03-04,183100.0,173945.0,36,-355622.07680100016,-0.05388881727680905,1,stop
272210,2026-03-04,2026-03-05,176900.0,168055.0,36,-343580.2587989997,-0.05388881727680905,1,stop
010950,2026-03-04,2026-03-05,168000.0,159600.0,38,-344421.8912399998,-0.05388881727680905,1,stop
012450,2026-03-04,2026-03-05,1526000.0,1449700.0,4,-329315.66793999914,-0.05388881727680894,1,stop
263750,2026-03-04,2026-03-05,60500.0,57475.0,106,-345986.4643674996,-0.05388881727680905,1,stop
079550,2026-03-06,2026-03-09,843000.0,800850.0,7,-318363.65604749974,-0.05388881727680905,1,stop
058470,2026-03-06,2026-03-09,123000.0,116850.0,49,-325161.4565325007,-0.053888817276809164,1,stop
039030,2026-03-06,2026-03-09,444500.0,422275.0,13,-311754.68335375004,-0.05388881727680905,1,stop
036930,2026-03-04,2026-03-10,58900.0,70680.0,109,1253923.791019,0.1950878097556097,4,target
043260,2026-03-09,2026-03-10,35500.0,42600.0,163,1130173.987435,0.1950878097556097,1,target
319660,2026-03-09,2026-03-10,64500.0,61275.0,90,-313184.3794874996,-0.05388881727680905,1,stop
031980,2026-03-06,2026-03-11,110000.0,104500.0,55,-326402.32487499993,-0.05388881727680905,3,stop
263750,2026-03-10,2026-03-11,66200.0,62890.0,101,-360725.8222444998,-0.05388881727680905,1,stop
083650,2026-03-10,2026-03-11,105800.0,100510.0,63,-359603.6456565,-0.05388881727680905,1,stop
272210,2026-03-10,2026-03-12,151500.0,143925.0,44,-359636.01613499876,-0.05388881727680894,2,stop
010170,2026-03-11,2026-03-12,6020.0,7224.0,1025,1205173.8683949998,0.19508780975560946,1,target
032820,2026-03-11,2026-03-16,21600.0,25920.0,285,1202341.8416400002,0.1950878097556097,3,target
336260,2026-03-13,2026-03-16,47800.0,45410.0,143,-368775.28123150114,-0.053888817276809275,1,stop
047050,2026-03-13,2026-03-16,83800.0,79610.0,81,-366207.2232705001,-0.05388881727680905,1,stop
131290,2026-03-09,2026-03-17,97900.0,117480.0,59,1128142.7406590004,0.1950878097556097,6,target
047040,2026-03-16,2026-03-17,12700.0,12065.0,534,-365883.51848549955,-0.05388881727680905,1,stop
218410,2026-03-11,2026-03-18,80900.0,76855.0,76,-331711.0833489988,-0.05388881727680883,5,stop
263750,2026-03-17,2026-03-18,66400.0,63080.0,101,-361815.6283539999,-0.05388881727680905,1,stop
141080,2026-03-18,2026-03-19,212000.0,201400.0,29,-331689.5030299993,-0.05388881727680894,1,stop
131970,2026-03-18,2026-03-20,85700.0,102840.0,72,1205154.3371759998,0.19508780975560946,2,target
047040,2026-03-19,2026-03-20,14560.0,17472.0,404,1148873.1765055992,0.19508780975560946,1,target
034020,2026-03-16,2026-03-23,108000.0,102600.0,62,-361254.54005999956,-0.05388881727680905,5,stop
403870,2026-03-20,2026-03-23,52700.0,50065.0,136,-386676.1558419997,-0.05388881727680905,1,stop
353200,2026-03-20,2026-03-24,80300.0,76285.0,89,-385570.16449325066,-0.053888817276809164,2,stop
047040,2026-03-23,2026-03-24,19730.0,18743.5,334,-355526.04438144993,-0.05388881727680905,1,stop
095340,2026-03-17,2026-03-25,217500.0,261000.0,30,1274412.0397500005,0.1950878097556097,6,target
319660,2026-03-17,2026-03-25,73900.0,88680.0,91,1313454.9465310015,0.1950878097556099,6,target
036930,2026-03-25,2026-03-26,77000.0,73150.0,93,-386341.6608974999,-0.05388881727680905,1,stop
178320,2026-03-25,2026-03-26,49500.0,47025.0,145,-387231.8490562495,-0.05388881727680905,1,stop
010170,2026-03-26,2026-03-27,9190.0,8730.5,763,-378301.3735460732,-0.05388881727680883,1,stop
353200,2026-03-26,2026-03-27,86300.0,81985.0,81,-377132.25976425037,-0.053888817276809164,1,stop
298040,2026-03-26,2026-03-27,2998000.0,2848100.0,2,-323488.9818099998,-0.05388881727680905,1,stop
950160,2026-03-27,2026-03-30,122100.0,115995.0,54,-355719.1882364992,-0.05388881727680894,1,stop
100790,2026-03-26,2026-03-31,28800.0,27360.0,243,-377569.2612240007,-0.053888817276809164,3,stop
066970,2026-03-30,2026-03-31,154000.0,146300.0,42,-348953.7582299989,-0.05388881727680894,1,stop
131970,2026-03-23,2026-04-01,98500.0,102900.0,67,266884.8439600002,0.04039370240145712,7,time
000250,2026-03-31,2026-04-01,1138000.0,1081100.0,5,-306980.0377749996,-0.05388881727680905,1,stop
218410,2026-04-02,2026-04-03,97900.0,93005.0,66,-348597.6829665005,-0.053888817276809164,1,stop
263750,2026-04-02,2026-04-03,72200.0,68590.0,89,-346677.03457549866,-0.05388881727680883,1,stop
047040,2026-04-02,2026-04-03,19650.0,18667.5,330,-349843.9463887494,-0.05388881727680894,1,stop
010170,2026-04-03,2026-04-06,11660.0,13992.0,536,1220654.3125743996,0.19508780975560946,1,target
047050,2026-04-06,2026-04-07,84100.0,79895.0,79,-358443.70351024996,-0.05388881727680905,1,stop
028050,2026-04-06,2026-04-07,43000.0,51600.0,155,1301755.7463500006,0.1950878097556097,1,target
079550,2026-04-06,2026-04-07,856000.0,813200.0,7,-323273.1786199985,-0.05388881727680883,1,stop
012450,2026-04-08,2026-04-09,1507000.0,1431650.0,4,-325215.40732999984,-0.05388881727680905,1,stop
047040,2026-04-09,2026-04-10,21500.0,25800.0,315,1322751.806775,0.1950878097556097,1,target
010170,2026-04-09,2026-04-10,14650.0,17580.0,463,1324792.8191604987,0.19508780975560946,1,target
267270,2026-04-02,2026-04-13,146200.0,163100.0,44,715044.92906,0.11102839586833069,7,time
000720,2026-04-09,2026-04-13,182500.0,173375.0,37,-364302.7601187499,-0.05388881727680905,2,stop
066970,2026-04-03,2026-04-14,166100.0,173400.0,37,244117.42395500094,0.039676029558612935,7,time
010170,2026-04-13,2026-04-14,17810.0,21372.0,385,1339226.3900015,0.19508780975560946,1,target
298040,2026-04-14,2026-04-15,3170000.0,3011500.0,2,-342048.0561499996,-0.05388881727680905,1,stop
039030,2026-04-14,2026-04-16,486000.0,461700.0,15,-393301.31377499923,-0.05388881727680894,2,stop
131290,2026-04-15,2026-04-17,141900.0,170280.0,50,1385739.9880500007,0.1950878097556097,2,target
047040,2026-04-16,2026-04-17,28950.0,27502.5,242,-377973.8922052495,-0.05388881727680905,1,stop
064760,2026-04-17,2026-04-20,301500.0,286425.0,25,-406654.1361562507,-0.053888817276809164,1,stop
017670,2026-04-10,2026-04-21,95000.0,100500.0,85,433028.82162499987,0.053564253337182066,7,time
079550,2026-04-10,2026-04-21,890000.0,909000.0,9,137669.30145000014,0.01716743358412831,7,time
011070,2026-04-13,2026-04-22,366000.0,439200.0,18,1286716.7077199994,0.19508780975560946,7,target
000500,2026-04-17,2026-04-22,138600.0,166320.0,54,1461794.5548359975,0.19508780975560924,3,target
100790,2026-04-20,2026-04-22,45350.0,54420.0,159,1408327.8428234998,0.19508780975560946,2,target
036930,2026-04-21,2026-04-22,95900.0,115080.0,86,1610817.755805999,0.19508780975560946,1,target
006400,2026-04-22,2026-04-23,686000.0,651700.0,12,-444122.9650199991,-0.05388881727680894,1,stop
009150,2026-04-22,2026-04-23,798000.0,758100.0,11,-473580.10045499913,-0.05388881727680894,1,stop
078600,2026-04-22,2026-04-23,150400.0,142880.0,58,-470623.59675200004,-0.05388881727680905,1,stop
000990,2026-04-21,2026-04-24,123700.0,148440.0,67,1618727.8995009987,0.19508780975560946,3,target
131970,2026-04-23,2026-04-24,127000.0,120650.0,66,-452215.5846450012,-0.053888817276809164,1,stop
082740,2026-04-23,2026-04-27,66700.0,80040.0,125,1628415.3841249999,0.1950878097556097,2,target
047040,2026-04-22,2026-04-28,31850.0,38220.0,278,1729352.723917,0.1950878097556097,4,target
010120,2026-04-24,2026-04-28,221000.0,265200.0,40,1726559.7596000005,0.1950878097556097,2,target
078600,2026-04-27,2026-04-28,175600.0,166820.0,57,-540004.3223369997,-0.05388881727680905,1,stop
042700,2026-04-28,2026-04-29,367000.0,348650.0,27,-534598.4524275009,-0.053888817276809164,1,stop
298040,2026-04-28,2026-04-29,4120000.0,3914000.0,2,-444554.5713999998,-0.05388881727680905,1,stop
000500,2026-04-24,2026-04-30,199000.0,238800.0,45,1749020.6614500005,0.1950878097556097,4,target
440110,2026-04-28,2026-04-30,81300.0,77235.0,126,-552661.1794304997,-0.05388881727680905,2,stop
001440,2026-04-30,2026-05-04,51700.0,62040.0,200,2019528.0446000006,0.1950878097556097,1,target
336260,2026-04-30,2026-05-04,62500.0,59375.0,165,-556367.5992187504,-0.053888817276809164,1,stop
222800,2026-04-23,2026-05-06,86600.0,93800.0,96,655091.5123199997,0.07870704922128735,7,time
000500,2026-05-04,2026-05-06,241500.0,289800.0,45,2122555.2248250004,0.1950878097556097,1,target
031980,2026-04-29,2026-05-07,129500.0,123025.0,75,-523997.12071874924,-0.05388881727680905,4,stop
016360,2026-05-06,2026-05-07,161100.0,153045.0,69,-599711.6699302495,-0.05388881727680905,1,stop
062040,2026-05-04,2026-05-08,279000.0,334800.0,39,2125191.939390002,0.1950878097556097,3,target
336260,2026-05-07,2026-05-11,78200.0,93840.0,127,1939723.4837660007,0.1950878097556097,2,target
028050,2026-05-08,2026-05-11,62000.0,58900.0,213,-712474.2317850012,-0.053888817276809164,1,stop
005490,2026-04-29,2026-05-12,477000.0,479000.0,20,785.25,8.221675914921178e-05,7,time
307950,2026-05-11,2026-05-13,574000.0,688800.0,21,2354293.1382599995,0.19508780975560946,2,target
010170,2026-05-12,2026-05-13,30000.0,28500.0,364,-589142.7086999994,-0.05388881727680905,1,stop
000660,2026-05-12,2026-05-13,1944000.0,1846800.0,5,-524401.751699999,-0.05388881727680894,1,stop
000500,2026-05-13,2026-05-14,564000.0,535800.0,20,-608564.9957999997,-0.05388881727680905,1,stop
402340,2026-05-06,2026-05-15,1100000.0,1098000.0,10,-65021.2389999982,-0.0059042309760154454,7,time
066570,2026-05-13,2026-05-15,192800.0,231360.0,60,2259371.413920002,0.1950878097556097,2,target
218410,2026-05-13,2026-05-15,108100.0,102695.0,108,-629864.770653002,-0.053888817276809275,2,stop
012330,2026-05-14,2026-05-15,680000.0,646000.0,16,-586984.6767999995,-0.05388881727680905,1,stop
005930,2026-05-07,2026-05-18,272000.0,281000.0,36,282915.25740000047,0.028859297001612383,7,time
080220,2026-05-15,2026-05-18,76000.0,91200.0,153,2271090.14532,0.1950878097556097,1,target
032830,2026-05-15,2026-05-18,332000.0,315400.0,35,-626908.2669499982,-0.05388881727680894,1,stop
003550,2026-05-15,2026-05-18,151400.0,143830.0,76,-620779.4563539978,-0.05388881727680894,1,stop
131970,2026-05-15,2026-05-18,189300.0,179835.0,61,-622986.043971749,-0.05388881727680894,1,stop
067310,2026-05-18,2026-05-19,51500.0,48925.0,221,-614041.0017462503,-0.05388881727680905,1,stop
066570,2026-05-18,2026-05-19,249000.0,236550.0,45,-604518.6859874986,-0.05388881727680894,1,stop
454910,2026-05-18,2026-05-19,132100.0,125495.0,86,-612913.4300785009,-0.053888817276809164,1,stop
131290,2026-05-19,2026-05-20,225000.0,213750.0,49,-594807.5424374994,-0.05388881727680905,1,stop
036930,2026-05-19,2026-05-20,191300.0,181735.0,57,-588284.8910197504,-0.053888817276809164,1,stop
100790,2026-05-19,2026-05-20,67400.0,64030.0,163,-592714.2514945008,-0.053888817276809164,1,stop
178320,2026-05-19,2026-05-20,72500.0,68875.0,152,-594537.788449999,-0.05388881727680894,1,stop
009150,2026-05-19,2026-05-20,1031000.0,979450.0,10,-556232.7222249992,-0.05388881727680905,1,stop
