,equity
2014-03-03,10000000.0
2014-03-04,10000000.0
2014-03-05,10000000.0
2014-03-06,10000000.0
2014-03-07,10000000.0
2014-03-10,10000000.0
2014-03-11,10000000.0
2014-03-12,10000000.0
2014-03-13,10000000.0
2014-03-14,10000000.0
2014-03-17,10000000.0
2014-03-18,10000000.0
2014-03-19,10000000.0
2014-03-20,10000000.0
2014-03-21,10000000.0
2014-03-24,10000000.0
2014-03-25,10000000.0
2014-03-26,10000000.0
2014-03-27,10000000.0
2014-03-28,10000000.0
2014-03-31,10000000.0
2014-04-01,10000000.0
2014-04-02,10000000.0
2014-04-03,10000000.0
2014-04-04,10000000.0
2014-04-07,10000000.0
2014-04-08,10000000.0
2014-04-09,10000000.0
2014-04-10,10000000.0
2014-04-11,10000000.0
2014-04-14,10000000.0
2014-04-15,10000000.0
2014-04-16,10000000.0
2014-04-17,10000000.0
2014-04-18,10000000.0
2014-04-21,10000000.0
2014-04-22,10000000.0
2014-04-23,10000000.0
2014-04-24,10000000.0
2014-04-25,10000000.0
2014-04-28,10000000.0
2014-04-29,10000000.0
2014-04-30,10000000.0
2014-05-02,10000000.0
2014-05-07,10000000.0
2014-05-08,10000000.0
2014-05-09,10000000.0
2014-05-12,10000000.0
2014-05-13,10000000.0
2014-05-14,10000000.0
2014-05-15,10000000.0
2014-05-16,10000000.0
2014-05-19,10000000.0
2014-05-20,10000000.0
2014-05-21,10000000.0
2014-05-22,10000000.0
2014-05-23,10000000.0
2014-05-26,10000000.0
2014-05-27,10000000.0
2014-05-28,10000000.0
2014-05-29,10000000.0
2014-05-30,9882977.954024998
2014-06-02,9969247.45389
2014-06-03,9968200.5493425
2014-06-05,10110958.8775657
2014-06-09,9916537.7355235
2014-06-10,10158120.43185265
2014-06-11,10145281.393892499
2014-06-12,10124810.92030705
2014-06-13,10161452.57946955
2014-06-16,10127719.3208452
2014-06-17,10312226.9886855
2014-06-18,10263229.953883665
2014-06-19,10307990.607075015
2014-06-20,10261777.210575614
2014-06-23,10425618.769311314
2014-06-24,10498801.385389365
2014-06-25,10439380.408795414
2014-06-26,10435423.109605866
2014-06-27,10380565.036218114
2014-06-30,10432455.607903916
2014-07-01,10580068.216463067
2014-07-02,10609964.708647916
2014-07-03,10855297.081988716
2014-07-04,10712453.437320014
2014-07-07,10930333.217641816
2014-07-08,11111521.486203616
2014-07-09,11295613.736739814
2014-07-10,11371490.119416706
2014-07-11,11280480.617415056
2014-07-14,11548587.886770055
2014-07-15,11353180.660349306
2014-07-16,11353394.342374155
2014-07-17,11448895.966352956
2014-07-18,11408151.457899656
2014-07-21,11275548.533809407
2014-07-22,11506446.821442354
2014-07-23,11368760.926511006
2014-07-24,11328786.574207507
2014-07-25,11367271.383604776
2014-07-28,11384626.164729776
2014-07-29,11280100.491075777
2014-07-30,11308847.492898175
2014-07-31,11366375.396309275
2014-08-01,11426379.734782524
2014-08-04,11321593.563045327
2014-08-05,11178406.932505824
2014-08-06,11304086.327855276
2014-08-07,11183270.987220375
2014-08-08,11173004.343291225
2014-08-11,11081913.600393426
2014-08-12,11109993.574461276
2014-08-13,11452198.753584426
2014-08-14,11251314.717922073
2014-08-18,11175460.002618026
2014-08-19,11306410.811627124
2014-08-20,11348636.723452125
2014-08-21,11426346.952435125
2014-08-22,11299541.885434125
2014-08-25,11413634.540072626
2014-08-26,11393950.856348826
2014-08-27,11423728.809887523
2014-08-28,11349778.970973724
2014-08-29,11233121.060790323
2014-09-01,11188620.259278182
2014-09-02,11025002.802298384
2014-09-03,11271876.853326183
2014-09-04,11385574.712412784
2014-09-05,11411643.632697482
2014-09-11,11318893.872100681
2014-09-12,11308213.451612283
2014-09-15,11188934.132729884
2014-09-16,11439260.422014283
2014-09-17,11439288.339468883
2014-09-18,11362315.928928884
2014-09-19,11467405.388728281
2014-09-22,11366021.572951682
2014-09-23,11586320.201304182
2014-09-24,11403907.443763446
2014-09-25,11505177.013272993
2014-09-26,11327866.279744744
2014-09-29,11256267.779804854
2014-09-30,11262237.129829504
2014-10-01,11151250.292015254
2014-10-02,11402098.592115754
2014-10-06,11356079.659363504
2014-10-07,11316377.050714504
2014-10-08,11316377.050714504
2014-10-10,11316377.050714504
2014-10-13,11316377.050714504
2014-10-14,11316377.050714504
2014-10-15,11316377.050714504
2014-10-16,11316377.050714504
2014-10-17,11316377.050714504
2014-10-20,11316377.050714504
2014-10-21,11316377.050714504
2014-10-22,11316377.050714504
2014-10-23,11316377.050714504
2014-10-24,11316377.050714504
2014-10-27,11316377.050714504
2014-10-28,11316377.050714504
2014-10-29,11316377.050714504
2014-10-30,11316377.050714504
2014-10-31,11316377.050714504
2014-11-03,11316377.050714504
2014-11-04,11316377.050714504
2014-11-05,11316377.050714504
2014-11-06,11316377.050714504
2014-11-07,11316377.050714504
2014-11-10,11316377.050714504
2014-11-11,11339885.897532003
2014-11-12,11339885.897532003
2014-11-13,11307132.740974503
2014-11-14,11328968.178679504
2014-11-17,11328968.178679504
2014-11-18,11388552.254834402
2014-11-19,11421378.196184253
2014-11-20,11545236.07732625
2014-11-21,11545236.07732625
2014-11-24,11590961.51348535
2014-11-25,11466818.076664874
2014-11-26,11466818.076664874
2014-11-27,11612881.569328073
2014-11-28,11685665.165215734
2014-12-01,11685665.165215734
2014-12-02,11685665.165215734
2014-12-03,11685665.165215734
2014-12-04,11685665.165215734
2014-12-05,11685665.165215734
2014-12-08,11685665.165215734
2014-12-09,11685665.165215734
2014-12-10,11685665.165215734
2014-12-11,11685665.165215734
2014-12-12,11685665.165215734
2014-12-15,11685665.165215734
2014-12-16,11685665.165215734
2014-12-17,11685665.165215734
2014-12-18,11685665.165215734
2014-12-19,11685665.165215734
2014-12-22,11685665.165215734
2014-12-23,11685665.165215734
2014-12-24,11685665.165215734
2014-12-26,11685665.165215734
2014-12-29,11685665.165215734
2014-12-30,11685665.165215734
2015-01-02,11685665.165215734
2015-01-05,11685665.165215734
2015-01-06,11685665.165215734
2015-01-07,11685665.165215734
2015-01-08,11685665.165215734
2015-01-09,11685665.165215734
2015-01-12,11685665.165215734
2015-01-13,11685665.165215734
2015-01-14,11685665.165215734
2015-01-15,11685665.165215734
2015-01-16,11685665.165215734
2015-01-19,11685665.165215734
2015-01-20,11685665.165215734
2015-01-21,11685665.165215734
2015-01-22,11685665.165215734
2015-01-23,11685665.165215734
2015-01-26,11685665.165215734
2015-01-27,11685665.165215734
2015-01-28,11685665.165215734
2015-01-29,11685665.165215734
2015-01-30,11685665.165215734
2015-02-02,11685665.165215734
2015-02-03,11685665.165215734
2015-02-04,11685665.165215734
2015-02-05,11685665.165215734
2015-02-06,11685665.165215734
2015-02-09,11685665.165215734
2015-02-10,11685665.165215734
2015-02-11,11685665.165215734
2015-02-12,11685665.165215734
2015-02-13,11685665.165215734
2015-02-16,11685665.165215734
2015-02-17,11685665.165215734
2015-02-23,11685665.165215734
2015-02-24,11685665.165215734
2015-02-25,11685665.165215734
2015-02-26,11685665.165215734
2015-02-27,11685665.165215734
2015-03-02,11685665.165215734
2015-03-03,11685665.165215734
2015-03-04,11685665.165215734
2015-03-05,11685665.165215734
2015-03-06,11685665.165215734
2015-03-09,11685665.165215734
2015-03-10,11685665.165215734
2015-03-11,11760030.859631484
2015-03-12,11908484.915622834
2015-03-13,11908484.915622834
2015-03-16,11908484.915622834
2015-03-17,11908484.915622834
2015-03-18,11908484.915622834
2015-03-19,11908484.915622834
2015-03-20,11908484.915622834
2015-03-23,11908484.915622834
2015-03-24,11908484.915622834
2015-03-25,11908484.915622834
2015-03-26,11908484.915622834
2015-03-27,11908484.915622834
2015-03-30,11867160.986646835
2015-03-31,11894799.266700834
2015-04-01,11851367.683758834
2015-04-02,11827677.729426835
2015-04-03,11827677.729426835
2015-04-06,11827677.729426835
2015-04-07,11664277.590298533
2015-04-08,11957004.529015135
2015-04-09,12227785.223648485
2015-04-10,12329020.370838584
2015-04-13,12939068.854583135
2015-04-14,12850654.563369513
2015-04-15,12768463.156442787
2015-04-16,12565034.109212507
2015-04-17,12318067.752104666
2015-04-20,12457908.833975645
2015-04-21,12572776.364244545
2015-04-22,12220870.929604918
2015-04-23,11823883.24001665
2015-04-24,11292403.637967803
2015-04-27,11144638.79284821
2015-04-28,11133112.255551498
2015-04-29,11235529.1497641
2015-04-30,11058938.388839249
2015-05-04,10877418.331300048
2015-05-06,10819423.29806967
2015-05-07,10691343.689590465
2015-05-08,10691343.689590465
2015-05-11,10691343.689590465
2015-05-12,10584840.484610066
2015-05-13,10670369.172424326
2015-05-14,10799796.781187378
2015-05-15,10822613.518924475
2015-05-18,10630186.728154583
2015-05-19,10466904.752392089
2015-05-20,10450645.329434188
2015-05-21,10459755.79619019
2015-05-22,10886271.129856247
2015-05-26,10962800.910680365
2015-05-27,10716118.317214418
2015-05-28,10853764.011596415
2015-05-29,10936568.161818665
2015-06-01,10775159.549190965
2015-06-02,10500389.188972354
2015-06-03,10414870.434176717
2015-06-04,10577461.909118544
2015-06-05,10739314.117176745
2015-06-08,10994888.443520244
2015-06-09,10892695.603904994
2015-06-10,11018048.576875767
2015-06-11,10983716.588555442
2015-06-12,10983716.588555442
2015-06-15,10965851.990130441
2015-06-16,10868455.39137264
2015-06-17,10927097.52701704
2015-06-18,11104047.74245669
2015-06-19,11147489.29591819
2015-06-22,11045110.695554135
2015-06-23,11054921.686742138
2015-06-24,11161157.572014635
2015-06-25,11737864.127737384
2015-06-26,11571859.963322137
2015-06-29,11431539.237538565
2015-06-30,11400686.461997766
2015-07-01,11545628.901021216
2015-07-02,11672489.753481366
2015-07-03,11636449.316644715
2015-07-06,11473873.835929863
2015-07-07,11262159.575603876
2015-07-08,10968687.304640878
2015-07-09,11053902.523996703
2015-07-10,11079925.5798917
2015-07-13,11162182.365766702
2015-07-14,11175144.041116701
2015-07-15,11162182.365766702
2015-07-16,11143161.746785702
2015-07-17,11122893.674746104
2015-07-20,11115782.700238703
2015-07-21,11127567.854287703
2015-07-22,10987342.468039703
2015-07-23,10916487.968264902
2015-07-24,10888760.073181637
2015-07-27,10888760.073181637
2015-07-28,10888760.073181637
2015-07-29,10888760.073181637
2015-07-30,10888760.073181637
2015-07-31,10888760.073181637
2015-08-03,10888760.073181637
2015-08-04,10888760.073181637
2015-08-05,10888760.073181637
2015-08-06,10888760.073181637
2015-08-07,10888760.073181637
2015-08-10,10888760.073181637
2015-08-11,10888760.073181637
2015-08-12,10888760.073181637
2015-08-13,10888760.073181637
2015-08-17,10888760.073181637
2015-08-18,10888760.073181637
2015-08-19,10888760.073181637
2015-08-20,10888760.073181637
2015-08-21,11009628.808961635
2015-08-24,10947412.767281637
2015-08-25,11092842.764708636
2015-08-26,11092842.764708636
2015-08-27,11092842.764708636
2015-08-28,11092842.764708636
2015-08-31,11092842.764708636
2015-09-01,11092842.764708636
2015-09-02,11092842.764708636
2015-09-03,11092842.764708636
2015-09-04,11092842.764708636
2015-09-07,11092842.764708636
2015-09-08,11092842.764708636
2015-09-09,11092842.764708636
2015-09-10,11092842.764708636
2015-09-11,11092842.764708636
2015-09-14,11092842.764708636
2015-09-15,11092842.764708636
2015-09-16,11092842.764708636
2015-09-17,11092842.764708636
2015-09-18,11092842.764708636
2015-09-21,11092842.764708636
2015-09-22,11092842.764708636
2015-09-23,11092842.764708636
2015-09-24,11092842.764708636
2015-09-25,11092842.764708636
2015-09-30,11092842.764708636
2015-10-01,11092842.764708636
2015-10-02,11092842.764708636
2015-10-05,11092842.764708636
2015-10-06,11092842.764708636
2015-10-07,11092842.764708636
2015-10-08,11092842.764708636
2015-10-12,11092842.764708636
2015-10-13,11092842.764708636
2015-10-14,11092842.764708636
2015-10-15,11092842.764708636
2015-10-16,11092842.764708636
2015-10-19,11092842.764708636
2015-10-20,11092842.764708636
2015-10-21,11092842.764708636
2015-10-22,11092842.764708636
2015-10-23,11092842.764708636
2015-10-26,11092842.764708636
2015-10-27,11092842.764708636
2015-10-28,11092842.764708636
2015-10-29,11092842.764708636
2015-10-30,11092842.764708636
2015-11-02,11092842.764708636
2015-11-03,11092842.764708636
2015-11-04,11092842.764708636
2015-11-05,11092842.764708636
2015-11-06,11086397.632784637
2015-11-09,11017512.510021478
2015-11-10,11015083.087742276
2015-11-11,11094686.479260076
2015-11-12,11029682.680327876
2015-11-13,11008216.231608532
2015-11-16,11015698.109441333
2015-11-17,11015698.109441333
2015-11-18,11015698.109441333
2015-11-19,11015698.109441333
2015-11-20,11015698.109441333
2015-11-23,11015698.109441333
2015-11-24,11015698.109441333
2015-11-25,11015698.109441333
2015-11-26,11015698.109441333
2015-11-27,11015698.109441333
2015-11-30,11015698.109441333
2015-12-01,11015698.109441333
2015-12-02,11015698.109441333
2015-12-03,11015698.109441333
2015-12-04,11015698.109441333
2015-12-07,11015698.109441333
2015-12-08,11015698.109441333
2015-12-09,11015698.109441333
2015-12-10,11015698.109441333
2015-12-11,11015698.109441333
2015-12-14,11006693.68783833
2015-12-15,11127715.853529332
2015-12-16,11131614.326653833
2015-12-17,11026270.802876582
2015-12-18,11026270.802876582
2015-12-21,11026270.802876582
2015-12-22,11026270.802876582
2015-12-23,11026270.802876582
2015-12-24,11026270.802876582
2015-12-28,11026270.802876582
2015-12-29,11026270.802876582
2015-12-30,11026270.802876582
2016-01-04,11026270.802876582
2016-01-05,11026270.802876582
2016-01-06,11026270.802876582
2016-01-07,11026270.802876582
2016-01-08,11026270.802876582
2016-01-11,11026270.802876582
2016-01-12,11026270.802876582
2016-01-13,11026270.802876582
2016-01-14,11026270.802876582
2016-01-15,11026270.802876582
2016-01-18,11026270.802876582
2016-01-19,11026270.802876582
2016-01-20,11026270.802876582
2016-01-21,11026270.802876582
2016-01-22,11026270.802876582
2016-01-25,11007124.235174084
2016-01-26,10951362.609292408
2016-01-27,10951362.609292408
2016-01-28,10962178.358302409
2016-01-29,11159594.644402409
2016-02-01,11159594.644402409
2016-02-02,11159594.644402409
2016-02-03,11159594.644402409
2016-02-04,11117775.304362409
2016-02-05,11083943.33759501
2016-02-11,11083943.33759501
2016-02-12,11083943.33759501
2016-02-15,11059921.152283162
2016-02-16,11122723.460509762
2016-02-17,11020944.39745376
2016-02-18,11155194.451365411
2016-02-19,11155194.451365411
2016-02-22,11155194.451365411
2016-02-23,11155194.451365411
2016-02-24,11155194.451365411
2016-02-25,11155194.451365411
2016-02-26,11155194.451365411
2016-02-29,11155194.451365411
2016-03-02,11155194.451365411
2016-03-03,11155194.451365411
2016-03-04,11155194.451365411
2016-03-07,11155194.451365411
2016-03-08,11155194.451365411
2016-03-09,11155194.451365411
2016-03-10,11155194.451365411
2016-03-11,11155194.451365411
2016-03-14,11155194.451365411
2016-03-15,11155194.451365411
2016-03-16,11155194.451365411
2016-03-17,11155194.451365411
2016-03-18,11155194.451365411
2016-03-21,11155194.451365411
2016-03-22,11155194.451365411
2016-03-23,11155194.451365411
2016-03-24,11155194.451365411
2016-03-25,11155194.451365411
2016-03-28,11155194.451365411
2016-03-29,11155194.451365411
2016-03-30,11155194.451365411
2016-03-31,11155194.451365411
2016-04-01,11155194.451365411
2016-04-04,11155194.451365411
2016-04-05,11143858.521827212
2016-04-06,11079688.29820729
2016-04-07,11079688.29820729
2016-04-08,11079688.29820729
2016-04-11,11083408.534761589
2016-04-12,11004634.610876251
2016-04-14,11009490.88863025
2016-04-15,11022524.351720652
2016-04-18,10930486.127277449
2016-04-19,10930486.127277449
2016-04-20,10930486.127277449
2016-04-21,10930486.127277449
2016-04-22,10930486.127277449
2016-04-25,10930486.127277449
2016-04-26,10930486.127277449
2016-04-27,10930486.127277449
2016-04-28,10930486.127277449
2016-04-29,10817063.447324049
2016-05-02,10524031.188406298
2016-05-03,10738383.842741055
2016-05-04,10728824.108644456
2016-05-09,10817157.926154707
2016-05-10,10752723.443885956
2016-05-11,10786823.863527257
2016-05-12,10800526.348476106
2016-05-13,10780173.606784914
2016-05-16,10720841.692970963
2016-05-17,10679125.039382963
2016-05-18,10652344.953834713
2016-05-19,10520630.403031912
2016-05-20,10536184.413451912
2016-05-23,10555626.926476913
2016-05-24,10551738.423871912
2016-05-25,10625619.973366912
2016-05-26,10641173.983786913
2016-05-27,10687836.015046913
2016-05-30,10537836.547883913
2016-05-31,10692030.63195141
2016-06-01,10664372.211871112
2016-06-02,10566980.177395113
2016-06-03,10591283.817202337
2016-06-07,10515996.424457837
2016-06-08,10477204.961939538
2016-06-09,10507908.516490487
2016-06-10,10451250.042379787
2016-06-13,10390481.720131189
2016-06-14,10324871.27491053
2016-06-15,10345142.33810598
2016-06-16,10369808.40629703
2016-06-17,10381817.897034781
2016-06-20,10411018.55749443
2016-06-21,10429544.77977738
2016-06-22,10433864.008824779
2016-06-23,10416371.729413979
2016-06-24,10416371.729413979
2016-06-27,10416371.729413979
2016-06-28,10416371.729413979
2016-06-29,10416371.729413979
2016-06-30,10416371.729413979
2016-07-01,10416371.729413979
2016-07-04,10416371.729413979
2016-07-05,10423061.349277979
2016-07-06,10394266.48896198
2016-07-07,10545818.385361979
2016-07-08,10612171.943726229
2016-07-11,10561312.32375673
2016-07-12,10527475.371729579
2016-07-13,10544189.608854279
2016-07-14,10507071.358859679
2016-07-15,10376920.28629918
2016-07-18,10516471.66542898
2016-07-19,10437408.436949829
2016-07-20,10334592.676501479
2016-07-21,10424497.369299993
2016-07-22,10428058.659221942
2016-07-25,10320815.751479942
2016-07-26,10391214.245154943
2016-07-27,10419331.110144943
2016-07-28,10485748.306460593
2016-07-29,10860176.02896274
2016-08-01,10823732.783138292
2016-08-02,10825035.930036943
2016-08-03,10694490.921171492
2016-08-04,10768587.833887693
2016-08-05,11038299.359830242
2016-08-08,10839819.581880791
2016-08-09,11020657.885208143
2016-08-10,10891567.752194293
2016-08-11,11102627.85087664
2016-08-12,11209672.345280591
2016-08-16,11226049.920611292
2016-08-17,11190305.608203791
2016-08-18,11351717.351337343
2016-08-19,11406686.616962694
2016-08-22,11301309.193419144
2016-08-23,11325626.29342769
2016-08-24,11427451.220873391
2016-08-25,11376824.911060192
2016-08-26,11339428.742627393
2016-08-29,11428571.16926909
2016-08-30,11639844.483370194
2016-08-31,11740397.172527693
2016-09-01,11759606.375396393
2016-09-02,11635748.761040993
2016-09-05,11591094.792408293
2016-09-06,11537864.775491584
2016-09-07,11516524.872605734
2016-09-08,11382824.142420035
2016-09-09,11440303.572224285
2016-09-12,11104091.672372583
2016-09-13,11156216.690853907
2016-09-19,11410552.232540607
2016-09-20,11320158.505701657
2016-09-21,11653166.229554242
2016-09-22,11633374.74834674
2016-09-23,11657553.25813424
2016-09-26,11666676.28347674
2016-09-27,11752107.41299824
2016-09-28,11796207.020746741
2016-09-29,11866997.70919674
2016-09-30,11665814.96844574
2016-10-04,11819460.67394074
2016-10-05,11804285.543261742
2016-10-06,11642889.247008242
2016-10-07,11447662.670347821
2016-10-10,11416133.06279822
2016-10-11,11166542.045206672
2016-10-12,11095492.162328068
2016-10-13,10976462.106433168
2016-10-14,10988875.403210668
2016-10-17,11104758.120431919
2016-10-18,11303311.045754919
2016-10-19,11090229.036809571
2016-10-20,11046076.58530772
2016-10-21,11276879.184086718
2016-10-24,11269704.398254517
2016-10-25,11384944.659687469
2016-10-26,11068640.896121418
2016-10-27,11175470.063710518
2016-10-28,10973935.833410783
2016-10-31,10834649.670099685
2016-11-01,10867004.005877186
2016-11-02,10765952.790744685
2016-11-03,10773580.238162184
2016-11-04,10776122.720634684
2016-11-07,10791377.615469685
2016-11-08,10813722.369002633
2016-11-09,10680242.039196383
2016-11-10,10794659.732770585
2016-11-11,10680242.039196383
2016-11-14,10701204.059393184
2016-11-15,10711466.715114534
2016-11-16,10721947.725212935
2016-11-17,10752954.046754034
2016-11-18,10794659.732770585
2016-11-21,10804922.388491934
2016-11-22,10825666.054311685
2016-11-23,10825666.054311685
2016-11-24,10825666.054311685
2016-11-25,10825666.054311685
2016-11-28,10825666.054311685
2016-11-29,10825666.054311685
2016-11-30,10825666.054311685
2016-12-01,10825666.054311685
2016-12-02,10825666.054311685
2016-12-05,10825666.054311685
2016-12-06,10825666.054311685
2016-12-07,10825666.054311685
2016-12-08,10825666.054311685
2016-12-09,10746804.005606685
2016-12-12,10747701.352361685
2016-12-13,10528095.322076686
2016-12-14,10674762.886514535
2016-12-15,10735940.000062633
2016-12-16,10879714.891252637
2016-12-19,10720502.644720785
2016-12-20,10671265.228273936
2016-12-21,10685057.447898285
2016-12-22,10639085.376587687
2016-12-23,10703353.351180786
2016-12-26,10725787.020055786
2016-12-27,10719954.266148286
2016-12-28,10803622.877584485
2016-12-29,10803622.877584485
2017-01-02,10803622.877584485
2017-01-03,10803622.877584485
2017-01-04,10803622.877584485
2017-01-05,10803622.877584485
2017-01-06,10803622.877584485
2017-01-09,10803622.877584485
2017-01-10,10803622.877584485
2017-01-11,10803622.877584485
2017-01-12,10768915.811226986
2017-01-13,10782196.467794484
2017-01-16,10706501.025298735
2017-01-17,10791484.748256983
2017-01-18,10719372.965973234
2017-01-19,10982709.341747485
2017-01-20,11118520.779012835
2017-01-23,11150482.132986585
2017-01-24,11220447.602042835
2017-01-25,11387249.158755096
2017-01-26,11682914.753085095
2017-01-31,11687866.101012196
2017-02-01,11721910.331129696
2017-02-02,11541355.190556144
2017-02-03,11660279.954757594
2017-02-06,11563369.496373445
2017-02-07,11532155.020296745
2017-02-08,11516685.759292495
2017-02-09,11597990.360555243
2017-02-10,11374738.099695541
2017-02-13,11311911.773052692
2017-02-14,11209960.994872993
2017-02-15,11159183.133163394
2017-02-16,11065673.618980693
2017-02-17,11011093.998185743
2017-02-20,10988062.098140743
2017-02-21,11020964.812490743
2017-02-22,11028057.441320743
2017-02-23,10942094.223199341
2017-02-24,10739455.877511218
2017-02-27,10699972.620291218
2017-02-28,10724400.393066218
2017-03-02,10752519.471649619
2017-03-03,10704977.538714018
2017-03-06,10736324.852022018
2017-03-07,10954234.543902319
2017-03-08,11025810.90928892
2017-03-09,10837161.92658542
2017-03-10,10884509.929587018
2017-03-13,11140861.95645152
2017-03-14,11193574.098944118
2017-03-15,11231041.317121219
2017-03-16,11453834.56945262
2017-03-17,11483887.224407718
2017-03-20,11399370.12176207
2017-03-21,11514603.403831366
2017-03-22,11427343.411271269
2017-03-23,11468452.589322368
2017-03-24,11528205.912685867
2017-03-27,11339691.037191441
2017-03-28,11368547.714728342
2017-03-29,11485447.898624241
2017-03-30,11358405.533259142
2017-03-31,11446150.093066942
2017-04-03,11452589.054560041
2017-04-04,11575467.125397842
2017-04-05,11365411.112785341
2017-04-06,11328919.011415342
2017-04-07,11345958.62924084
2017-04-10,11172292.619115815
2017-04-11,11320255.128495816
2017-04-12,11026235.476012265
2017-04-13,11030622.504592264
2017-04-14,11013074.390272265
2017-04-17,11013074.390272265
2017-04-18,11061331.704652265
2017-04-19,11027491.120197264
2017-04-20,11072027.617160564
2017-04-21,11108178.726763666
2017-04-24,11111772.101991465
2017-04-25,11047906.936386164
2017-04-26,10956999.878897365
2017-04-27,10991996.402342364
2017-04-28,10898189.766678564
2017-05-02,11119070.673369864
2017-05-04,11252374.524980966
2017-05-08,11418325.845642867
2017-05-10,11174308.214024663
2017-05-11,11482568.759510064
2017-05-12,11438698.473710066
2017-05-15,11423351.850095663
2017-05-16,11415915.682212666
2017-05-17,11707009.984274914
2017-05-18,11884032.569789615
2017-05-19,12025631.893624712
2017-05-22,12143373.054871585
2017-05-23,12101657.398335535
2017-05-24,12161855.756963938
2017-05-25,12245303.757907286
2017-05-26,12379407.245182287
2017-05-29,12403473.225876085
2017-05-30,12466935.582493588
2017-05-31,12533535.375066087
2017-06-01,12552704.861776862
2017-06-02,12576777.722124211
2017-06-05,12534970.819908056
2017-06-07,12443234.938691437
2017-06-08,12456215.778787985
2017-06-09,12515024.796113389
2017-06-12,12118602.51328825
2017-06-13,12543720.43685545
2017-06-14,12592359.962004248
2017-06-15,12584311.300648518
2017-06-16,12440102.670644268
2017-06-19,12630844.690990968
2017-06-20,12113207.406736003
2017-06-21,12335931.589306604
2017-06-22,12270661.009184143
2017-06-23,12249136.960486842
2017-06-26,12789228.383071981
2017-06-27,12939814.648063032
2017-06-28,12667194.721582333
2017-06-29,12654535.852857944
2017-06-30,12667002.362590393
2017-07-03,12295648.369708994
2017-07-04,12321667.255527643
2017-07-05,12427666.512691312
2017-07-06,12367951.216889184
2017-07-07,12389119.626839634
2017-07-10,12396628.24005955
2017-07-11,12380149.928189153
2017-07-12,12520677.799726553
2017-07-13,12495606.734824328
2017-07-14,12564281.27475553
2017-07-17,13104448.331461413
2017-07-18,12983179.346698763
2017-07-19,12822070.707358014
2017-07-20,13205169.972210415
2017-07-21,13481503.071957711
2017-07-24,13630929.282828812
2017-07-25,13227835.387666512
2017-07-26,13236280.881470814
2017-07-27,13155841.763411254
2017-07-28,12821528.169245709
2017-07-31,12719991.649047066
2017-08-01,12771810.503391266
2017-08-02,12688915.335890828
2017-08-03,12569136.493981477
2017-08-04,12624361.207388077
2017-08-07,12356112.356656175
2017-08-08,12436735.070531078
2017-08-09,12329105.608454347
2017-08-10,12104290.835738314
2017-08-11,12104636.634814221
2017-08-14,12122583.56991422
2017-08-16,12020015.484256621
2017-08-17,12100589.246440021
2017-08-18,12202321.639487822
2017-08-21,12134374.54319922
2017-08-22,12171684.227168221
2017-08-23,12165863.841538021
2017-08-24,12517708.319503378
2017-08-25,12479519.111171577
2017-08-28,12427495.93191868
2017-08-29,12599150.389734581
2017-08-30,12806525.41834288
2017-08-31,13003283.65015588
2017-09-01,12795843.003750581
2017-09-04,12701283.69508878
2017-09-05,12619094.70874638
2017-09-06,12535243.149100479
2017-09-07,12534768.552372279
2017-09-08,12313671.454529788
2017-09-11,12529597.013029587
2017-09-12,12702739.373125289
2017-09-13,12648357.984877137
2017-09-14,12917565.999584937
2017-09-15,12914049.397357287
2017-09-18,13175149.886143137
2017-09-19,13177645.507173987
2017-09-20,12618870.484551467
2017-09-21,12461299.385529317
2017-09-22,12467885.266279064
2017-09-25,12518845.588495515
2017-09-26,12528079.286604466
2017-09-27,12712566.265629066
2017-09-28,12554611.301606165
2017-09-29,12488788.923023015
2017-10-10,12737947.220068267
2017-10-11,12659139.381585265
2017-10-12,12663342.966251368
2017-10-13,12499423.637463568
2017-10-16,12208564.639661517
2017-10-17,12191814.166901516
2017-10-18,12291798.536447518
2017-10-19,12271187.478537116
2017-10-20,12213729.228398716
2017-10-23,12209794.874302866
2017-10-24,12154973.966936016
2017-10-25,12101305.651623366
2017-10-26,12041801.591247367
2017-10-27,12138764.893384866
2017-10-30,12332591.787931116
2017-10-31,12260370.329932865
2017-11-01,12296947.180718616
2017-11-02,12235381.234485619
2017-11-03,12287940.573872115
2017-11-06,12275015.594405267
2017-11-07,12282330.964562416
2017-11-08,12330199.428681916
2017-11-09,12360659.953628564
2017-11-10,12675793.178205315
2017-11-13,12584297.882394724
2017-11-14,12771710.746280374
2017-11-15,12846525.536400575
2017-11-16,12851300.658919623
2017-11-17,13327999.436162744
2017-11-20,13398960.521833897
2017-11-21,13471710.902485553
2017-11-22,13846638.03118105
2017-11-23,13617210.689475425
2017-11-24,13465322.85447632
2017-11-27,13151191.20839364
2017-11-28,12658037.35811094
2017-11-29,12756846.901344255
2017-11-30,12574268.634744953
2017-12-01,12960148.67696106
2017-12-04,13113267.22618845
2017-12-05,12973621.203761708
2017-12-06,12788730.299100293
2017-12-07,12691678.319811733
2017-12-08,12374115.280428933
2017-12-11,12391006.188764444
2017-12-12,12407427.634380944
2017-12-13,12355413.605602942
2017-12-14,12227550.333800694
2017-12-15,12114973.181768695
2017-12-18,11954022.600760445
2017-12-19,11711805.640955355
2017-12-20,11762336.233781355
2017-12-21,11752006.775579354
2017-12-22,11793764.893325355
2017-12-26,11972705.806791853
2017-12-27,11888973.384030854
2017-12-28,11927123.616581555
2018-01-02,12050417.066614654
2018-01-03,11865920.579682754
2018-01-04,11677245.448028404
2018-01-05,11971639.992045153
2018-01-08,11874520.152751505
2018-01-09,11621204.194744805
2018-01-10,11682099.142591054
2018-01-11,11824735.760643153
2018-01-12,12133896.644039402
2018-01-15,12171828.102344252
2018-01-16,11931243.455017053
2018-01-17,11953846.21610228
2018-01-18,11884369.64212238
2018-01-19,11781794.931610279
2018-01-22,11818835.41155278
2018-01-23,12382985.351797879
2018-01-24,12400149.966802578
2018-01-25,12467700.434426978
2018-01-26,12531099.421070177
2018-01-29,12705323.690179579
2018-01-30,12532416.935114477
2018-01-31,12466120.179154556
2018-02-01,12317060.912629556
2018-02-02,12207684.313714556
2018-02-05,11983028.568340557
2018-02-06,11657299.672691155
2018-02-07,11657299.672691155
2018-02-08,12100124.390382405
2018-02-09,12202146.708958311
2018-02-12,12263960.938702462
2018-02-13,12304414.629473748
2018-02-14,12304414.629473748
2018-02-19,12357417.911135748
2018-02-20,12299997.689335248
2018-02-21,12299997.689335248
2018-02-22,12299997.689335248
2018-02-23,12171230.091176746
2018-02-26,12216607.121883586
2018-02-27,12216607.121883586
2018-02-28,12216607.121883586
2018-03-02,12216607.121883586
2018-03-05,12216607.121883586
2018-03-06,12336939.413952885
2018-03-07,12258783.502748236
2018-03-08,12402083.797210036
2018-03-09,12448881.926061211
2018-03-12,12448881.926061211
2018-03-13,12295265.62384371
2018-03-14,12356609.431211136
2018-03-15,12228024.887519486
2018-03-16,12155254.053896787
2018-03-19,12114400.647887096
2018-03-20,12050478.650320645
2018-03-21,12126246.622105047
2018-03-22,12137993.888179947
2018-03-23,11749081.958182946
2018-03-26,12061510.180819346
2018-03-27,12352901.604362696
2018-03-28,12118474.411496848
2018-03-29,12147634.192826547
2018-03-30,12142331.870556448
2018-04-02,12114404.719040196
2018-04-03,12287957.563768897
2018-04-04,12444226.512944348
2018-04-05,12613277.668118797
2018-04-06,12756181.135904497
2018-04-09,12746529.673028497
2018-04-10,12705510.955805497
2018-04-11,12677746.246881697
2018-04-12,12622635.197397398
2018-04-13,12567268.483852077
2018-04-16,12693081.642127078
2018-04-17,12734957.824027078
2018-04-18,12734957.824027078
2018-04-19,12651205.460227078
2018-04-20,12609329.278327078
2018-04-23,12640736.414752077
2018-04-24,12504638.823577078
2018-04-25,12515107.869052079
2018-04-26,12536045.96000208
2018-04-27,12598860.232852079
2018-04-30,12536045.96000208
2018-05-02,12673578.31938703
2018-05-03,12443380.64105973
2018-05-04,12669633.663657628
2018-05-08,12403802.863314869
2018-05-09,12419817.19562372
2018-05-10,12646523.87685887
2018-05-11,12797564.385313714
2018-05-14,12986644.320059765
2018-05-15,13113769.384116163
2018-05-16,12656964.050911963
2018-05-17,12717225.870769965
2018-05-18,12761355.486125266
2018-05-21,12631222.259715164
2018-05-23,12561619.383090165
2018-05-24,12637498.767696165
2018-05-25,12498908.546646165
2018-05-28,12523136.909031164
2018-05-29,12422095.189516164
2018-05-30,12050995.767698515
2018-05-31,12120076.218135264
2018-06-01,12111529.664073266
2018-06-04,12251209.014820848
2018-06-05,12166585.726142522
2018-06-07,12446700.92393252
2018-06-08,12176418.08722262
2018-06-11,12236757.110807937
2018-06-12,12426170.988511488
2018-06-14,12404377.706162933
2018-06-15,12351467.667399652
2018-06-18,12176770.32473239
2018-06-19,11957755.055130372
2018-06-20,12035222.451955115
2018-06-21,11905053.397051113
2018-06-22,11857885.753577743
2018-06-25,11989198.476156943
2018-06-26,12050765.437017493
2018-06-27,12000540.759670792
2018-06-28,11862456.681493293
2018-06-29,11919102.692454617
2018-07-02,11919102.692454617
2018-07-03,11919102.692454617
2018-07-04,11919102.692454617
2018-07-05,11919102.692454617
2018-07-06,11919102.692454617
2018-07-09,11919102.692454617
2018-07-10,11919102.692454617
2018-07-11,11919102.692454617
2018-07-12,11919102.692454617
2018-07-13,11919102.692454617
2018-07-16,11919102.692454617
2018-07-17,11919102.692454617
2018-07-18,11919102.692454617
2018-07-19,11919102.692454617
2018-07-20,11919102.692454617
2018-07-23,11919102.692454617
2018-07-24,11919102.692454617
2018-07-25,11919102.692454617
2018-07-26,11919102.692454617
2018-07-27,11919102.692454617
2018-07-30,11919102.692454617
2018-07-31,11919102.692454617
2018-08-01,11919102.692454617
2018-08-02,11919102.692454617
2018-08-03,11919102.692454617
2018-08-06,11919102.692454617
2018-08-07,11919102.692454617
2018-08-08,11919102.692454617
2018-08-09,11919102.692454617
2018-08-10,11919102.692454617
2018-08-13,11919102.692454617
2018-08-14,11919102.692454617
2018-08-16,11919102.692454617
2018-08-17,11919102.692454617
2018-08-20,11919102.692454617
2018-08-21,11919102.692454617
2018-08-22,11919102.692454617
2018-08-23,11919102.692454617
2018-08-24,11919102.692454617
2018-08-27,11919102.692454617
2018-08-28,11919102.692454617
2018-08-29,11919102.692454617
2018-08-30,11919102.692454617
2018-08-31,11919102.692454617
2018-09-03,11919102.692454617
2018-09-04,11919102.692454617
2018-09-05,11919102.692454617
2018-09-06,11919102.692454617
2018-09-07,11919102.692454617
2018-09-10,11919102.692454617
2018-09-11,11919102.692454617
2018-09-12,11919102.692454617
2018-09-13,11919102.692454617
2018-09-14,11919102.692454617
2018-09-17,11919102.692454617
2018-09-18,11919102.692454617
2018-09-19,11919102.692454617
2018-09-20,11919102.692454617
2018-09-21,11919102.692454617
2018-09-27,11919102.692454617
2018-09-28,11919102.692454617
2018-10-01,11919102.692454617
2018-10-02,11919102.692454617
2018-10-04,11919102.692454617
2018-10-05,11919102.692454617
2018-10-08,11919102.692454617
2018-10-10,11845496.38544532
2018-10-11,11828802.531364556
2018-10-12,11979650.509087855
2018-10-15,11831442.139691656
2018-10-16,11984044.749377605
2018-10-17,11984044.749377605
2018-10-18,11984044.749377605
2018-10-19,11984044.749377605
2018-10-22,12013197.521272004
2018-10-23,11931335.567969205
2018-10-24,11690599.606440226
2018-10-25,11821965.667645462
2018-10-26,11821965.667645462
2018-10-29,11696378.955687862
2018-10-30,11741688.625564959
2018-10-31,11741688.625564959
2018-11-01,11741688.625564959
2018-11-02,11741688.625564959
2018-11-05,11741688.625564959
2018-11-06,11741688.625564959
2018-11-07,11741688.625564959
2018-11-08,11741688.625564959
2018-11-09,11741688.625564959
2018-11-12,11741688.625564959
2018-11-13,11741688.625564959
2018-11-14,11741688.625564959
2018-11-15,11741688.625564959
2018-11-16,11741688.625564959
2018-11-19,11741688.625564959
2018-11-20,11741688.625564959
2018-11-21,11741688.625564959
2018-11-22,11741688.625564959
2018-11-23,11741688.625564959
2018-11-26,11741688.625564959
2018-11-27,11741688.625564959
2018-11-28,11741688.625564959
2018-11-29,11741688.625564959
2018-11-30,11741688.625564959
2018-12-03,11741688.625564959
2018-12-04,11741688.625564959
2018-12-05,11741688.625564959
2018-12-06,11741688.625564959
2018-12-07,11741688.625564959
2018-12-10,11741688.625564959
2018-12-11,11741688.625564959
2018-12-12,11741688.625564959
2018-12-13,11741688.625564959
2018-12-14,11741688.625564959
2018-12-17,11741688.625564959
2018-12-18,11741688.625564959
2018-12-19,11741688.625564959
2018-12-20,11706038.341316957
2018-12-21,11661960.569006164
2018-12-24,11649000.958277414
2018-12-26,11582751.841459664
2018-12-27,11582751.841459664
2018-12-28,11665817.591506664
2019-01-02,11615984.935045663
2019-01-03,11672936.542429663
2019-01-04,11626663.361430163
2019-01-07,11662388.300931662
2019-01-08,11735462.238347162
2019-01-09,11848552.855775913
2019-01-10,11848552.855775913
2019-01-11,11848552.855775913
2019-01-14,11848552.855775913
2019-01-15,11848552.855775913
2019-01-16,11848552.855775913
2019-01-17,11848552.855775913
2019-01-18,11848552.855775913
2019-01-21,11848552.855775913
2019-01-22,11848552.855775913
2019-01-23,11848552.855775913
2019-01-24,11848552.855775913
2019-01-25,11848552.855775913
2019-01-28,11848552.855775913
2019-01-29,11848552.855775913
2019-01-30,11848552.855775913
2019-01-31,11848552.855775913
2019-02-01,11848552.855775913
2019-02-07,11848552.855775913
2019-02-08,11848552.855775913
2019-02-11,11848552.855775913
2019-02-12,11848552.855775913
2019-02-13,11848552.855775913
2019-02-14,11848552.855775913
2019-02-15,11848552.855775913
2019-02-18,11848552.855775913
2019-02-19,11848552.855775913
2019-02-20,11848552.855775913
2019-02-21,11848552.855775913
2019-02-22,11848552.855775913
2019-02-25,11848552.855775913
2019-02-26,11848552.855775913
2019-02-27,11848552.855775913
2019-02-28,11848552.855775913
2019-03-04,11848552.855775913
2019-03-05,11884766.781619413
2019-03-06,11912315.326997913
2019-03-07,11811303.993943412
2019-03-08,11768052.777699167
2019-03-11,11768052.777699167
2019-03-12,11768052.777699167
2019-03-13,11768052.777699167
2019-03-14,11768052.777699167
2019-03-15,11768052.777699167
2019-03-18,11768052.777699167
2019-03-19,11768052.777699167
2019-03-20,11768052.777699167
2019-03-21,11768052.777699167
2019-03-22,11768052.777699167
2019-03-25,11768052.777699167
2019-03-26,11768052.777699167
2019-03-27,11768052.777699167
2019-03-28,11768052.777699167
2019-03-29,11768052.777699167
2019-04-01,11768052.777699167
2019-04-02,11768052.777699167
2019-04-03,11768052.777699167
2019-04-04,11768052.777699167
2019-04-05,11768052.777699167
2019-04-08,11768052.777699167
2019-04-09,11768052.777699167
2019-04-10,11768052.777699167
2019-04-11,11768052.777699167
2019-04-12,11768052.777699167
2019-04-15,11768052.777699167
2019-04-16,11768052.777699167
2019-04-17,11768052.777699167
2019-04-18,11768052.777699167
2019-04-19,11768052.777699167
2019-04-22,11768052.777699167
2019-04-23,11768052.777699167
2019-04-24,11744486.754888767
2019-04-25,11707970.724271968
2019-04-26,11594830.21436364
2019-04-29,11546352.26458724
2019-04-30,11552898.90769094
2019-05-02,11583797.851515036
2019-05-03,11534644.187431987
2019-05-07,11664424.457451787
2019-05-08,11630232.554930437
2019-05-09,11715890.285006888
2019-05-10,11747842.808848538
2019-05-13,11729814.115488637
2019-05-14,11812381.981572036
2019-05-15,12239537.980939088
2019-05-16,12026496.893730639
2019-05-17,11884493.763855789
2019-05-20,11884493.763855789
2019-05-21,11884493.763855789
2019-05-22,11884493.763855789
2019-05-23,11884493.763855789
2019-05-24,11884493.763855789
2019-05-27,11884493.763855789
2019-05-28,11884493.763855789
2019-05-29,11884493.763855789
2019-05-30,11884493.763855789
2019-05-31,11884493.763855789
2019-06-03,11884493.763855789
2019-06-04,11884493.763855789
2019-06-05,11884493.763855789
2019-06-07,11884493.763855789
2019-06-10,11884493.763855789
2019-06-11,11884493.763855789
2019-06-12,11884493.763855789
2019-06-13,11884493.763855789
2019-06-14,11884493.763855789
2019-06-17,11884493.763855789
2019-06-18,11884493.763855789
2019-06-19,11884493.763855789
2019-06-20,11884493.763855789
2019-06-21,11884493.763855789
2019-06-24,11884493.763855789
2019-06-25,11884493.763855789
2019-06-26,11884493.763855789
2019-06-27,11884493.763855789
2019-06-28,11884493.763855789
2019-07-01,11884493.763855789
2019-07-02,11884493.763855789
2019-07-03,11884493.763855789
2019-07-04,11884493.763855789
2019-07-05,11884493.763855789
2019-07-08,11884493.763855789
2019-07-09,11884493.763855789
2019-07-10,11884493.763855789
2019-07-11,11884493.763855789
2019-07-12,11884493.763855789
2019-07-15,11884493.763855789
2019-07-16,11884493.763855789
2019-07-17,11884493.763855789
2019-07-18,11884493.763855789
2019-07-19,11884493.763855789
2019-07-22,11884493.763855789
2019-07-23,11884493.763855789
2019-07-24,11884493.763855789
2019-07-25,11884493.763855789
2019-07-26,11884493.763855789
2019-07-29,11884493.763855789
2019-07-30,11884493.763855789
2019-07-31,11884493.763855789
2019-08-01,11884493.763855789
2019-08-02,11884493.763855789
2019-08-05,11884493.763855789
2019-08-06,11868148.32091079
2019-08-07,11968352.041885788
2019-08-08,12109973.300863788
2019-08-09,12109973.300863788
2019-08-12,12109973.300863788
2019-08-13,12109973.300863788
2019-08-14,12109973.300863788
2019-08-16,12109973.300863788
2019-08-19,12109973.300863788
2019-08-20,12109973.300863788
2019-08-21,12109973.300863788
2019-08-22,12109973.300863788
2019-08-23,12109973.300863788
2019-08-26,12109973.300863788
2019-08-27,12109973.300863788
2019-08-28,12109973.300863788
2019-08-29,12109973.300863788
2019-08-30,12109973.300863788
2019-09-02,12109973.300863788
2019-09-03,12109973.300863788
2019-09-04,12109973.300863788
2019-09-05,12109973.300863788
2019-09-06,12109973.300863788
2019-09-09,12109973.300863788
2019-09-10,12109973.300863788
2019-09-11,12109973.300863788
2019-09-16,12109973.300863788
2019-09-17,12109973.300863788
2019-09-18,12109973.300863788
2019-09-19,12109973.300863788
2019-09-20,12109973.300863788
2019-09-23,12109973.300863788
2019-09-24,12109973.300863788
2019-09-25,12109973.300863788
2019-09-26,12109973.300863788
2019-09-27,12109973.300863788
2019-09-30,12109973.300863788
2019-10-01,12109973.300863788
2019-10-02,12109973.300863788
2019-10-04,12109973.300863788
2019-10-07,12109973.300863788
2019-10-08,12109973.300863788
2019-10-10,12109973.300863788
2019-10-11,12109973.300863788
2019-10-14,12109973.300863788
2019-10-15,12109973.300863788
2019-10-16,12109973.300863788
2019-10-17,12109973.300863788
2019-10-18,12109973.300863788
2019-10-21,12109973.300863788
2019-10-22,12109973.300863788
2019-10-23,12109973.300863788
2019-10-24,12109973.300863788
2019-10-25,12109973.300863788
2019-10-28,12109973.300863788
2019-10-29,12109973.300863788
2019-10-30,12109973.300863788
2019-10-31,12109973.300863788
2019-11-01,12109973.300863788
2019-11-04,12109973.300863788
2019-11-05,12109973.300863788
2019-11-06,12109973.300863788
2019-11-07,12109973.300863788
2019-11-08,12109973.300863788
2019-11-11,12109973.300863788
2019-11-12,12109973.300863788
2019-11-13,12109973.300863788
2019-11-14,12081572.99653899
2019-11-15,12235187.793423537
2019-11-18,12336441.509807084
2019-11-19,12336441.509807084
2019-11-20,12408771.666851183
2019-11-21,12306494.077820184
2019-11-22,12254245.365073944
2019-11-25,12297705.136991544
2019-11-26,12487492.779211704
2019-11-27,12487492.779211704
2019-11-28,12487492.779211704
2019-11-29,12347972.993817654
2019-12-02,12403614.205735326
2019-12-03,12403614.205735326
2019-12-04,12403614.205735326
2019-12-05,12403614.205735326
2019-12-06,12403614.205735326
2019-12-09,12403614.205735326
2019-12-10,12403614.205735326
2019-12-11,12403614.205735326
2019-12-12,12403614.205735326
2019-12-13,12227203.699876325
2019-12-16,12141029.190910276
2019-12-17,12172607.820270676
2019-12-18,12166126.982595675
2019-12-19,12205358.982724275
2019-12-20,12313236.015506474
2019-12-23,12256886.627500277
2019-12-24,12160631.232247276
2019-12-26,12382985.781720674
2019-12-27,12563372.420514675
2019-12-30,12558663.180715874
2020-01-02,12362755.434216224
2020-01-03,12348834.594890323
2020-01-06,12343612.036776224
2020-01-07,12301412.697980924
2020-01-08,12012469.017067224
2020-01-09,12534308.462058323
2020-01-10,12533055.593975995
2020-01-13,12563818.634841293
2020-01-14,12286485.643792944
2020-01-15,12356929.569112968
2020-01-16,12654202.087776992
2020-01-17,12778019.679586444
2020-01-20,12792275.287638545
2020-01-21,12823169.939361244
2020-01-22,13208971.290991444
2020-01-23,13316602.563390844
2020-01-28,13128425.432418093
2020-01-29,12928120.885887153
2020-01-30,12880168.270583073
2020-01-31,12706552.611581523
2020-02-03,12636161.272349056
2020-02-04,12692721.038316706
2020-02-05,12568957.913295258
2020-02-06,12599101.860254606
2020-02-07,13075032.073986506
2020-02-10,13139111.605761057
2020-02-11,13157392.553264307
2020-02-12,13060234.453483257
2020-02-13,13126778.697678206
2020-02-14,12996448.795899158
2020-02-17,13178649.072190206
2020-02-18,13042557.463326907
2020-02-19,13181754.889014456
2020-02-20,13189847.959692605
2020-02-21,13029600.773236658
2020-02-24,12688666.596057288
2020-02-25,12781467.20630354
2020-02-26,12660250.615482287
2020-02-27,12577694.714022288
2020-02-28,12480183.033312287
2020-03-02,12615087.646741237
2020-03-03,12625611.530073486
2020-03-04,12812421.177529387
2020-03-05,12894992.034768637
2020-03-06,12894992.034768637
2020-03-09,12894992.034768637
2020-03-10,12894992.034768637
2020-03-11,12894992.034768637
2020-03-12,12811923.792172838
2020-03-13,12807435.20388121
2020-03-16,12807435.20388121
2020-03-17,12921305.080507658
2020-03-18,12258139.803704971
2020-03-19,12635599.742728172
2020-03-20,12635599.742728172
2020-03-23,12859640.550158173
2020-03-24,12550401.896709822
2020-03-25,12550401.896709822
2020-03-26,12550401.896709822
2020-03-27,12550401.896709822
2020-03-30,12550401.896709822
2020-03-31,12550401.896709822
2020-04-01,12550401.896709822
2020-04-02,12550401.896709822
2020-04-03,12550401.896709822
2020-04-06,12550401.896709822
2020-04-07,12550401.896709822
2020-04-08,12550401.896709822
2020-04-09,12550401.896709822
2020-04-10,12550401.896709822
2020-04-13,12550401.896709822
2020-04-14,12550401.896709822
2020-04-16,12550401.896709822
2020-04-17,12550401.896709822
2020-04-20,12550401.896709822
2020-04-21,12550401.896709822
2020-04-22,12550401.896709822
2020-04-23,12550401.896709822
2020-04-24,12550401.896709822
2020-04-27,12550401.896709822
2020-04-28,12550401.896709822
2020-04-29,12550401.896709822
2020-05-04,12550401.896709822
2020-05-06,12550401.896709822
2020-05-07,12550401.896709822
2020-05-08,12550401.896709822
2020-05-11,12550401.896709822
2020-05-12,12550401.896709822
2020-05-13,12550401.896709822
2020-05-14,12550401.896709822
2020-05-15,12550401.896709822
2020-05-18,12476492.607109822
2020-05-19,12540303.931909822
2020-05-20,12604115.256709822
2020-05-21,12604115.256709822
2020-05-22,12604115.256709822
2020-05-25,12604115.256709822
2020-05-26,12604115.256709822
2020-05-27,12604115.256709822
2020-05-28,12604115.256709822
2020-05-29,12604115.256709822
2020-06-01,12604115.256709822
2020-06-02,12604115.256709822
2020-06-03,12604115.256709822
2020-06-04,12604115.256709822
2020-06-05,12604115.256709822
2020-06-08,12604115.256709822
2020-06-09,12604115.256709822
2020-06-10,12604115.256709822
2020-06-11,12604115.256709822
2020-06-12,12604115.256709822
2020-06-15,12604115.256709822
2020-06-16,12805339.617924623
2020-06-17,12934818.778255522
2020-06-18,12766973.816648105
2020-06-19,13020277.855701456
2020-06-22,13020277.855701456
2020-06-23,13020277.855701456
2020-06-24,13024007.530473206
2020-06-25,12931873.399602933
2020-06-26,12931873.399602933
2020-06-29,13187271.083938833
2020-06-30,13198954.890909735
2020-07-01,12936923.284423038
2020-07-02,13112733.005703673
2020-07-03,13077590.912673974
2020-07-06,13062196.430565974
2020-07-07,12988341.402652843
2020-07-08,13085179.520816144
2020-07-09,13311372.077797553
2020-07-10,13328424.05296203
2020-07-13,13588222.888417682
2020-07-14,13570815.35842263
2020-07-15,14230343.688179132
2020-07-16,14021459.31055023
2020-07-17,14508966.566584129
2020-07-20,14948728.86202063
2020-07-21,15830852.449005943
2020-07-22,15628959.229260083
2020-07-23,15987420.46100416
2020-07-24,15708904.389401434
2020-07-27,15804591.660212765
2020-07-28,16201424.054376815
2020-07-29,16044019.52355873
2020-07-30,16119521.989679381
2020-07-31,15867631.338665731
2020-08-03,15660984.653608568
2020-08-04,15892437.59342972
2020-08-05,16103417.77425752
2020-08-06,15914807.45097992
2020-08-07,16461517.094277292
2020-08-10,16741809.43178969
2020-08-11,16574387.689781446
2020-08-12,16320814.826136198
2020-08-13,17057761.214326866
2020-08-14,16053647.185234353
2020-08-18,15150187.260112638
2020-08-19,15914287.437134089
2020-08-20,15050454.596286338
2020-08-21,15120448.380994782
2020-08-24,15219156.524044782
2020-08-25,15223940.766373781
2020-08-26,15205335.720834281
2020-08-27,14760851.519922534
2020-08-28,14912542.366530383
2020-08-31,15564529.662377054
2020-09-01,15286366.76383255
2020-09-02,15347125.682091732
2020-09-03,16097935.45717077
2020-09-04,18169592.50600133
2020-09-07,17963954.550701026
2020-09-08,17340829.564296603
2020-09-09,18302956.068664007
2020-09-10,18855085.395664252
2020-09-11,18582761.593612704
2020-09-14,18465817.047055904
2020-09-15,18840668.479627065
2020-09-16,18293012.769790817
2020-09-17,18021756.228662867
2020-09-18,17934629.75950738
2020-09-21,17403832.370688032
2020-09-22,16670609.895365305
2020-09-23,16809489.111923013
2020-09-24,16258350.276060464
2020-09-25,17090716.40075426
2020-09-28,17180449.082150362
2020-09-29,17180449.082150362
2020-10-05,17232196.373740863
2020-10-06,17152452.815040637
2020-10-07,17121547.16230694
2020-10-08,17192836.376731936
2020-10-12,17222205.538971137
2020-10-13,17122290.96306164
2020-10-14,16677614.146330886
2020-10-15,17210511.365724187
2020-10-16,17082060.85846216
2020-10-19,16820342.52168308
2020-10-20,17001669.50011216
2020-10-21,17013041.861739013
2020-10-22,16666869.624462862
2020-10-23,16831496.31971734
2020-10-26,16698012.706241963
2020-10-27,16518412.791289113
2020-10-28,16803355.714369614
2020-10-29,16769097.009367615
2020-10-30,16417018.024783613
2020-11-02,16592798.283568613
2020-11-03,16573285.976907115
2020-11-04,16804769.534034714
2020-11-05,16848041.588664714
2020-11-06,16780570.11714971
2020-11-09,17477407.606357913
2020-11-10,17797016.288012512
2020-11-11,17991238.019664712
2020-11-12,17918015.649125513
2020-11-13,17984139.61595001
2020-11-16,18086949.630722314
2020-11-17,18014841.836646363
2020-11-18,17723758.42141982
2020-11-19,18202166.659873243
2020-11-20,17956098.82179034
2020-11-23,18444678.92585374
2020-11-24,18844461.449811462
2020-11-25,18348544.91815451
2020-11-26,18488967.72068861
2020-11-27,18271073.432154212
2020-11-30,18004880.184727892
2020-12-01,18304341.41218224
2020-12-02,18772120.299148142
2020-12-03,19033000.93596954
2020-12-04,19051264.05850017
2020-12-07,19069688.79400081
2020-12-08,19049253.21723361
2020-12-09,19254270.192987207
2020-12-10,19670331.920053076
2020-12-11,20283709.146875758
2020-12-14,20044536.325109757
2020-12-15,20617566.237422407
2020-12-16,21548984.90938306
2020-12-17,21379738.923162155
2020-12-18,21506067.60162502
2020-12-21,20957246.88089169
2020-12-22,19381500.96712078
2020-12-23,20036265.65743444
2020-12-24,20558872.304629344
2020-12-28,21012155.76049077
2020-12-29,21439565.684101865
2020-12-30,21886190.01872622
2021-01-04,22784955.78850767
2021-01-05,22643843.974429317
2021-01-06,22887476.024460148
2021-01-07,23467593.965980627
2021-01-08,24001148.851667423
2021-01-11,23178476.8757722
2021-01-12,23418351.824958596
2021-01-13,23258777.590039082
2021-01-14,22934242.597892582
2021-01-15,22238384.717315286
2021-01-18,21722568.430521075
2021-01-19,21850349.68967465
2021-01-20,21341659.567794103
2021-01-21,23509035.46530243
2021-01-22,22856824.899781384
2021-01-25,23007829.414660834
2021-01-26,22514410.339748733
2021-01-27,21706688.89998138
2021-01-28,21828670.72615783
2021-01-29,21182458.80008792
2021-02-01,21695880.731220923
2021-02-02,21486995.259364218
2021-02-03,21964100.8674279
2021-02-04,22791429.011125904
2021-02-05,22961638.138404906
2021-02-08,22846910.410441354
2021-02-09,21780226.483549055
2021-02-10,21835552.704059184
2021-02-15,21829734.922945283
2021-02-16,21583616.871847432
2021-02-17,21430546.910870742
2021-02-18,20714724.73379634
2021-02-19,20833508.71796336
2021-02-22,21093141.227741547
2021-02-23,21168121.723899845
2021-02-24,20601244.971216775
2021-02-25,21266536.260090653
2021-02-26,21365079.634923153
2021-03-02,21471624.606300153
2021-03-03,21541418.242800154
2021-03-04,21619304.395527255
2021-03-05,21678158.755535755
2021-03-08,21483115.792074416
2021-03-09,21346556.970708415
2021-03-10,20986317.135854702
2021-03-11,21109453.0516797
2021-03-12,20195695.57652645
2021-03-15,21291505.7566064
2021-03-16,21054397.688158352
2021-03-17,20964561.454511877
2021-03-18,20665682.441598926
2021-03-19,20737145.55088882
2021-03-22,20501096.054291718
2021-03-23,20166554.76497243
2021-03-24,20777506.22993454
2021-03-25,21114944.503684744
2021-03-26,21280625.533370327
2021-03-29,21908801.67072538
2021-03-30,21329789.41066528
2021-03-31,21222716.669779584
2021-04-01,20988989.954658385
2021-04-02,20758447.346951835
2021-04-05,21381546.076651882
2021-04-06,21067041.991855584
2021-04-07,21552380.080123134
2021-04-08,21255877.202872045
2021-04-09,21242147.797520544
2021-04-12,20846183.112145133
2021-04-13,20480471.432497334
2021-04-14,20725327.450378332
2021-04-15,20726645.553056233
2021-04-16,20816013.175907236
2021-04-19,21495755.14241503
2021-04-20,21844656.522434384
2021-04-21,21509040.859648786
2021-04-22,21636320.523377985
2021-04-23,21736177.270274382
2021-04-26,22090687.44418498
2021-04-27,21441712.647584632
2021-04-28,20508164.930384032
2021-04-29,20737184.603846688
2021-04-30,20871896.755755037
2021-05-03,21226606.96043509
2021-05-04,20527568.85303034
2021-05-06,21169774.999285087
2021-05-07,21200982.72532009
2021-05-10,21944113.461109687
2021-05-11,22310113.285019588
2021-05-12,21634484.01321684
2021-05-13,21686162.21283729
2021-05-14,21432341.90927259
2021-05-17,21333738.35319414
2021-05-18,21706007.63976564
2021-05-20,21488757.996276233
2021-05-21,20942782.897265866
2021-05-24,20787906.574858367
2021-05-25,21186060.24178517
2021-05-26,21329635.72258517
2021-05-27,20989732.93595402
2021-05-28,21169307.579378217
2021-05-31,21267233.03664747
2021-06-01,21235262.565870717
2021-06-02,21311745.477916718
2021-06-03,21078158.14117462
2021-06-04,20874274.97612692
2021-06-07,22789612.97626497
2021-06-08,21299280.00311747
2021-06-09,22746937.393252853
2021-06-10,22108128.220350116
2021-06-11,22509753.586439732
2021-06-14,22418219.23303609
2021-06-15,22567229.65212328
2021-06-16,22372192.42873355
2021-06-17,22400674.643445503
2021-06-18,23458687.856743127
2021-06-21,22450339.630427837
2021-06-22,23333528.24773784
2021-06-23,22984932.426509883
2021-06-24,23109232.1039234
2021-06-25,23020190.909412578
2021-06-28,22700231.95339783
2021-06-29,22401251.10817568
2021-06-30,22904412.69517518
2021-07-01,23319030.766270973
2021-07-02,23247838.265885122
2021-07-05,23118466.576340277
2021-07-06,22552818.339953378
2021-07-07,22272488.87815222
2021-07-08,21522407.693219166
2021-07-09,21579459.005798165
2021-07-12,21726671.73211177
2021-07-13,21942441.75050737
2021-07-14,21684578.192886665
2021-07-15,21818504.20491457
2021-07-16,21575942.341292515
2021-07-19,21826617.61229957
2021-07-20,21282701.84432777
2021-07-21,21163348.74360107
2021-07-22,20948253.273151517
2021-07-23,21254462.785805166
2021-07-26,21493701.41299987
2021-07-27,21403425.33829102
2021-07-28,20982693.344637815
2021-07-29,21496088.158489607
2021-07-30,21547885.007292107
2021-08-02,21401571.621837404
2021-08-03,21482520.388476707
2021-08-04,21270954.938154254
2021-08-05,21330507.121716008
2021-08-06,21181246.77325311
2021-08-09,21106978.36760151
2021-08-10,21062916.653877936
2021-08-11,20568106.192969613
2021-08-12,20742954.68048981
2021-08-13,20500842.870860912
2021-08-17,20230719.56246301
2021-08-18,20388624.96604371
2021-08-19,20178484.30295781
2021-08-20,20187058.949727807
2021-08-23,20264537.862658408
2021-08-24,20155535.161957406
2021-08-25,20308740.924783308
2021-08-26,20592872.82227341
2021-08-27,20422016.006017506
2021-08-30,20323213.017715007
2021-08-31,20595109.084480006
2021-09-01,20658673.62404751
2021-09-02,20886210.84955701
2021-09-03,20686501.34397201
2021-09-06,20829277.24467701
2021-09-07,20919510.44615201
2021-09-08,21404725.777619507
2021-09-09,21355371.706094507
2021-09-10,21385532.52758201
2021-09-13,21385331.674926303
2021-09-14,21330329.933519058
2021-09-15,21127448.587916955
2021-09-16,21012588.203276955
2021-09-17,20943392.797946952
2021-09-23,21175107.671126954
2021-09-24,21463339.850684952
2021-09-27,21459729.525574006
2021-09-28,21674095.694824003
2021-09-29,21465711.837274004
2021-09-30,21619257.837574
2021-10-01,21775794.993724003
2021-10-05,21551301.468350057
2021-10-06,21709069.49510285
2021-10-07,21688131.40415285
2021-10-08,21794440.58984525
2021-10-12,21550142.063591573
2021-10-13,21550142.063591573
2021-10-14,21550142.063591573
2021-10-15,21355829.754367772
2021-10-18,21404491.871839475
2021-10-19,21404491.871839475
2021-10-20,21404491.871839475
2021-10-21,21404491.871839475
2021-10-22,21404491.871839475
2021-10-25,21404491.871839475
2021-10-26,21404491.871839475
2021-10-27,21404491.871839475
2021-10-28,21404491.871839475
2021-10-29,21404491.871839475
2021-11-01,21404491.871839475
2021-11-02,21404491.871839475
2021-11-03,21404491.871839475
2021-11-04,21404491.871839475
2021-11-05,21404491.871839475
2021-11-08,21404491.871839475
2021-11-09,21404491.871839475
2021-11-10,21404491.871839475
2021-11-11,21404491.871839475
2021-11-12,21404491.871839475
2021-11-15,21404491.871839475
2021-11-16,21404491.871839475
2021-11-17,21404491.871839475
2021-11-18,21404491.871839475
2021-11-19,21404491.871839475
2021-11-22,21404491.871839475
2021-11-23,21404491.871839475
2021-11-24,21404491.871839475
2021-11-25,21404491.871839475
2021-11-26,21404491.871839475
2021-11-29,21404491.871839475
2021-11-30,21311507.581839476
2021-12-01,21261684.895897977
2021-12-02,21261684.895897977
2021-12-03,21411077.140627574
2021-12-06,21403121.663118526
2021-12-07,21268990.62414059
2021-12-08,21548663.696115594
2021-12-09,21582164.641635597
2021-12-10,21368596.113945596
2021-12-13,21368596.113945596
2021-12-14,21368596.113945596
2021-12-15,21368596.113945596
2021-12-16,21368596.113945596
2021-12-17,21368596.113945596
2021-12-20,21368596.113945596
2021-12-21,21368596.113945596
2021-12-22,21368596.113945596
2021-12-23,21368596.113945596
2021-12-24,21368596.113945596
2021-12-27,21368596.113945596
2021-12-28,21368596.113945596
2021-12-29,21368596.113945596
2021-12-30,21368596.113945596
2022-01-03,21368596.113945596
2022-01-04,21368596.113945596
2022-01-05,21368596.113945596
2022-01-06,21368596.113945596
2022-01-07,21368596.113945596
2022-01-10,21368596.113945596
2022-01-11,21368596.113945596
2022-01-12,21368596.113945596
2022-01-13,21368596.113945596
2022-01-14,21368596.113945596
2022-01-17,21368596.113945596
2022-01-18,21360776.400260597
2022-01-19,21612232.902050596
2022-01-20,21718618.345115595
2022-01-21,21563875.882475596
2022-01-24,21563875.882475596
2022-01-25,21248262.741965897
2022-01-26,21601320.638026197
2022-01-27,20948465.811382398
2022-01-28,21897581.754677743
2022-02-03,22108458.789954454
2022-02-04,22734906.530139457
2022-02-07,22638144.13396988
2022-02-08,22638144.13396988
2022-02-09,22638144.13396988
2022-02-10,22638144.13396988
2022-02-11,22684362.83764988
2022-02-14,22753870.464434884
2022-02-15,22917863.575066984
2022-02-16,22917863.575066984
2022-02-17,22917863.575066984
2022-02-18,23223728.487391982
2022-02-21,23158820.405446984
2022-02-22,23038276.82469198
2022-02-23,23186638.154851984
2022-02-24,23186638.154851984
2022-02-25,23186638.154851984
2022-02-28,23186638.154851984
2022-03-02,23186638.154851984
2022-03-03,23186638.154851984
2022-03-04,23186638.154851984
2022-03-07,23186638.154851984
2022-03-08,23186638.154851984
2022-03-10,23186638.154851984
2022-03-11,23186638.154851984
2022-03-14,23186638.154851984
2022-03-15,23186638.154851984
2022-03-16,23186638.154851984
2022-03-17,23186638.154851984
2022-03-18,23186638.154851984
2022-03-21,23186638.154851984
2022-03-22,23186638.154851984
2022-03-23,23186638.154851984
2022-03-24,23186638.154851984
2022-03-25,23186638.154851984
2022-03-28,23186638.154851984
2022-03-29,23186638.154851984
2022-03-30,23186638.154851984
2022-03-31,23186638.154851984
2022-04-01,23186638.154851984
2022-04-04,23186638.154851984
2022-04-05,23186638.154851984
2022-04-06,23186638.154851984
2022-04-07,23186638.154851984
2022-04-08,23186638.154851984
2022-04-11,23052991.115659237
2022-04-12,23029119.747724935
2022-04-13,23029119.747724935
2022-04-14,23029119.747724935
2022-04-15,23029119.747724935
2022-04-18,23029119.747724935
2022-04-19,23029119.747724935
2022-04-20,23029119.747724935
2022-04-21,23029119.747724935
2022-04-22,23029119.747724935
2022-04-25,23029119.747724935
2022-04-26,23029119.747724935
2022-04-27,23029119.747724935
2022-04-28,23029119.747724935
2022-04-29,23029119.747724935
2022-05-02,23029119.747724935
2022-05-03,23029119.747724935
2022-05-04,23029119.747724935
2022-05-06,23029119.747724935
2022-05-09,23023509.438184936
2022-05-10,22873341.449891537
2022-05-11,22873341.449891537
2022-05-12,22837026.382391535
2022-05-13,23031027.82461254
2022-05-16,22903484.93916854
2022-05-17,23153665.21446254
2022-05-18,23153665.21446254
2022-05-19,23153665.21446254
2022-05-20,23153665.21446254
2022-05-23,23153665.21446254
2022-05-24,23153665.21446254
2022-05-25,23153665.21446254
2022-05-26,23153665.21446254
2022-05-27,23153665.21446254
2022-05-30,23153665.21446254
2022-05-31,23153665.21446254
2022-06-02,23153665.21446254
2022-06-03,23153665.21446254
2022-06-07,23153665.21446254
2022-06-08,23153665.21446254
2022-06-09,23260850.00755294
2022-06-10,22996501.903223984
2022-06-13,23028654.608678386
2022-06-14,23035025.770638883
2022-06-15,22840348.54577385
2022-06-16,22840348.54577385
2022-06-17,22840348.54577385
2022-06-20,22840348.54577385
2022-06-21,22840348.54577385
2022-06-22,22840348.54577385
2022-06-23,22840348.54577385
2022-06-24,22840348.54577385
2022-06-27,22840348.54577385
2022-06-28,22840348.54577385
2022-06-29,22840348.54577385
2022-06-30,22840348.54577385
2022-07-01,22840348.54577385
2022-07-04,22840348.54577385
2022-07-05,22840348.54577385
2022-07-06,22840348.54577385
2022-07-07,22840348.54577385
2022-07-08,22840348.54577385
2022-07-11,22840348.54577385
2022-07-12,22840348.54577385
2022-07-13,22840348.54577385
2022-07-14,22840348.54577385
2022-07-15,22840348.54577385
2022-07-18,22840348.54577385
2022-07-19,22840348.54577385
2022-07-20,22840348.54577385
2022-07-21,22840348.54577385
2022-07-22,22840348.54577385
2022-07-25,22840348.54577385
2022-07-26,22840348.54577385
2022-07-27,22737458.48713635
2022-07-28,22685253.844086297
2022-07-29,22685253.844086297
2022-08-01,22685253.844086297
2022-08-02,22685253.844086297
2022-08-03,22685253.844086297
2022-08-04,22685253.844086297
2022-08-05,22685253.844086297
2022-08-08,22685253.844086297
2022-08-09,22685253.844086297
2022-08-10,22685253.844086297
2022-08-11,22685253.844086297
2022-08-12,22685253.844086297
2022-08-16,22685253.844086297
2022-08-17,22685253.844086297
2022-08-18,22685253.844086297
2022-08-19,22685253.844086297
2022-08-22,22685253.844086297
2022-08-23,22685253.844086297
2022-08-24,22685253.844086297
2022-08-25,22685253.844086297
2022-08-26,22685253.844086297
2022-08-29,22685253.844086297
2022-08-30,22825002.850056298
2022-08-31,22956912.823041297
2022-09-01,22866460.2701373
2022-09-02,23117842.990082998
2022-09-05,23117842.990082998
2022-09-06,23117842.990082998
2022-09-07,23117842.990082998
2022-09-08,23281659.9965355
2022-09-13,23571074.266062
2022-09-14,23402103.872095495
2022-09-15,23616621.738747995
2022-09-16,23350359.015500493
2022-09-19,23080884.728277475
2022-09-20,23087273.837173074
2022-09-21,23278774.084141575
2022-09-22,23197863.318399075
2022-09-23,22930695.96991734
2022-09-26,22930695.96991734
2022-09-27,23029296.269778438
2022-09-28,22656767.400731757
2022-09-29,22622530.531895805
2022-09-30,22496542.532544408
2022-10-04,22598002.53897641
2022-10-05,22424066.826298907
2022-10-06,22742983.863025907
2022-10-07,22742983.863025907
2022-10-11,22742983.863025907
2022-10-12,22742983.863025907
2022-10-13,22742983.863025907
2022-10-14,22742983.863025907
2022-10-17,22742983.863025907
2022-10-18,22742983.863025907
2022-10-19,22742983.863025907
2022-10-20,22742983.863025907
2022-10-21,22742983.863025907
2022-10-24,22742983.863025907
2022-10-25,22742983.863025907
2022-10-26,22742983.863025907
2022-10-27,22742983.863025907
2022-10-28,22742983.863025907
2022-10-31,22742983.863025907
2022-11-01,22742983.863025907
2022-11-02,22742983.863025907
2022-11-03,22742983.863025907
2022-11-04,22742983.863025907
2022-11-07,22742983.863025907
2022-11-08,22742983.863025907
2022-11-09,22742983.863025907
2022-11-10,22742983.863025907
2022-11-11,22742983.863025907
2022-11-14,22742983.863025907
2022-11-15,22742983.863025907
2022-11-16,22742983.863025907
2022-11-17,22742983.863025907
2022-11-18,22742983.863025907
2022-11-21,22742983.863025907
2022-11-22,22742983.863025907
2022-11-23,22742983.863025907
2022-11-24,22742983.863025907
2022-11-25,22742983.863025907
2022-11-28,22742983.863025907
2022-11-29,22742983.863025907
2022-11-30,22742983.863025907
2022-12-01,22742983.863025907
2022-12-02,22742983.863025907
2022-12-05,22742983.863025907
2022-12-06,22742983.863025907
2022-12-07,22742983.863025907
2022-12-08,22742983.863025907
2022-12-09,22742983.863025907
2022-12-12,22742983.863025907
2022-12-13,22742983.863025907
2022-12-14,22742983.863025907
2022-12-15,22742983.863025907
2022-12-16,22742983.863025907
2022-12-19,22742983.863025907
2022-12-20,22742983.863025907
2022-12-21,22742983.863025907
2022-12-22,22742983.863025907
2022-12-23,22742983.863025907
2022-12-26,22742983.863025907
2022-12-27,22742983.863025907
2022-12-28,22742983.863025907
2022-12-29,22742983.863025907
2023-01-02,22476874.781611912
2023-01-03,22434057.582081497
2023-01-04,22434057.582081497
2023-01-05,22310648.532911498
2023-01-06,22419305.85981105
2023-01-09,22556525.134429798
2023-01-10,22474193.569658548
2023-01-11,22583968.98935355
2023-01-12,22583968.98935355
2023-01-13,22583968.98935355
2023-01-16,22583968.98935355
2023-01-17,22583968.98935355
2023-01-18,22583968.98935355
2023-01-19,22583968.98935355
2023-01-20,22583968.98935355
2023-01-25,22583968.98935355
2023-01-26,22583968.98935355
2023-01-27,22583968.98935355
2023-01-30,22583968.98935355
2023-01-31,22583968.98935355
2023-02-01,22583968.98935355
2023-02-02,22583968.98935355
2023-02-03,22583968.98935355
2023-02-06,22583968.98935355
2023-02-07,22583968.98935355
2023-02-08,22583968.98935355
2023-02-09,22583968.98935355
2023-02-10,22583968.98935355
2023-02-13,22583968.98935355
2023-02-14,22583968.98935355
2023-02-15,22583968.98935355
2023-02-16,22583968.98935355
2023-02-17,22583968.98935355
2023-02-20,22583968.98935355
2023-02-21,22583968.98935355
2023-02-22,22583968.98935355
2023-02-23,22583968.98935355
2023-02-24,22583968.98935355
2023-02-27,22583968.98935355
2023-02-28,22583968.98935355
2023-03-02,22583968.98935355
2023-03-03,22583968.98935355
2023-03-06,22583968.98935355
2023-03-07,22583968.98935355
2023-03-08,22583968.98935355
2023-03-09,22505823.101011045
2023-03-10,22430672.553646684
2023-03-13,22493070.180605285
2023-03-14,22543764.289951082
2023-03-15,23108990.198708724
2023-03-16,23293998.173290975
2023-03-17,23293998.173290975
2023-03-20,22987229.275588974
2023-03-21,22951929.807879485
2023-03-22,22951929.807879485
2023-03-23,22951929.807879485
2023-03-24,22951929.807879485
2023-03-27,22989037.582359485
2023-03-28,23146339.22092448
2023-03-29,22920414.643073082
2023-03-30,23148384.58912888
2023-03-31,23085983.095786184
2023-04-03,23179089.20274991
2023-04-04,22446569.097384512
2023-04-05,23172024.09620451
2023-04-06,23190569.262474507
2023-04-07,23825152.94657151
2023-04-10,23955068.81565651
2023-04-11,24071683.670061514
2023-04-12,23886232.007361513
2023-04-13,24077657.556561515
2023-04-14,24293598.773241512
2023-04-17,24414640.87997151
2023-04-18,24477712.291050512
2023-04-19,24525706.38371571
2023-04-20,24381580.530239314
2023-04-21,24172438.91320731
2023-04-24,24139706.644307513
2023-04-25,24771823.62188021
2023-04-26,23974455.54155441
2023-04-27,23881931.114698313
2023-04-28,23551872.08681706
2023-05-02,23925920.55889206
2023-05-03,24010171.448667057
2023-05-04,24045068.26691706
2023-05-08,23703577.97404206
2023-05-09,23587521.12706206
2023-05-10,23331338.599029064
2023-05-11,23239468.37627406
2023-05-12,22897708.00525356
2023-05-15,22773747.52746591
2023-05-16,22704452.416940913
2023-05-17,23123313.94113591
2023-05-18,23249341.30761591
2023-05-19,23667796.68467091
2023-05-22,23648345.78516091
2023-05-23,23635633.372798413
2023-05-24,23790076.71985341
2023-05-25,24040152.02789931
2023-05-26,24118181.14863335
2023-05-30,24495557.335292753
2023-05-31,24740391.55970735
2023-06-01,25055738.12213735
2023-06-02,24819985.18855985
2023-06-05,24738974.71762235
2023-06-07,24239570.61403875
2023-06-08,25235939.390870795
2023-06-09,25609048.195184197
2023-06-12,25595824.29517135
2023-06-13,26232245.5460122
2023-06-14,25819550.439633735
2023-06-15,26809300.6898349
2023-06-16,27650620.4026361
2023-06-19,28975968.280883618
2023-06-20,29480356.30105874
2023-06-21,29169672.332501587
2023-06-22,28799910.250089213
2023-06-23,28311758.600628965
2023-06-26,28131223.599889714
2023-06-27,28165177.971607678
2023-06-28,27819971.905407496
2023-06-29,27456083.03940255
2023-06-30,27321982.33762232
2023-07-03,27417324.16841032
2023-07-04,27935093.246045318
2023-07-05,27816703.297502317
2023-07-06,27110751.08151157
2023-07-07,27027894.07036267
2023-07-10,26900466.649106167
2023-07-11,27966225.448980667
2023-07-12,28663883.518910468
2023-07-13,28548974.891746916
2023-07-14,30148181.126341112
2023-07-17,29898457.39623733
2023-07-18,30483530.635454074
2023-07-19,29767124.421488374
2023-07-20,30017330.97761207
2023-07-21,30089200.476271972
2023-07-24,30795923.677928474
2023-07-25,30692206.595144663
2023-07-26,28863926.25328991
2023-07-27,29561340.12318603
2023-07-28,30752344.13143653
2023-07-31,30665007.90617703
2023-08-01,30039709.58350248
2023-08-02,28757776.459001325
2023-08-03,28736109.40342964
2023-08-04,28744484.63980964
2023-08-07,28418598.595114138
2023-08-08,28563408.113134637
2023-08-09,28589381.316432137
2023-08-10,28410031.611666135
2023-08-11,28133723.689727582
2023-08-14,28091149.571462583
2023-08-16,27974973.078248583
2023-08-17,27623272.97340558
2023-08-18,27597150.21231558
2023-08-21,27571027.45122558
2023-08-22,27037889.91934358
2023-08-23,27282141.72374288
2023-08-24,27228280.60253288
2023-08-25,27312830.60789288
2023-08-28,27344536.85990288
2023-08-29,27492499.36928288
2023-08-30,27566480.623972878
2023-08-31,26779031.023284677
2023-09-01,27496613.339789554
2023-09-04,27419606.352999557
2023-09-05,27753319.640664555
2023-09-06,28167245.75770706
2023-09-07,29198267.267643556
2023-09-08,29354349.221548557
2023-09-11,29252367.110926054
2023-09-12,28608474.401663557
2023-09-13,28504753.69411006
2023-09-14,28480126.51094506
2023-09-15,28822990.58237006
2023-09-18,28639685.170293182
2023-09-19,28999421.51385318
2023-09-20,28820223.29854568
2023-09-21,28183755.18626318
2023-09-22,28676089.46865368
2023-09-25,28346613.65177618
2023-09-26,26917086.33630868
2023-09-27,28455508.74933943
2023-10-04,27545630.04837988
2023-10-05,26661491.072811943
2023-10-06,27877307.45849854
2023-10-10,26548939.45041452
2023-10-11,27365041.64798871
2023-10-12,28102334.24579028
2023-10-13,28091479.73478528
2023-10-16,27915447.22185693
2023-10-17,27915447.22185693
2023-10-18,27708071.14377693
2023-10-19,27541540.53593208
2023-10-20,27541540.53593208
2023-10-23,27568894.01543208
2023-10-24,27354826.961767077
2023-10-25,27354826.961767077
2023-10-26,27846181.013872076
2023-10-27,27873370.620548576
2023-10-30,27873370.620548576
2023-10-31,27873370.620548576
2023-11-01,27873370.620548576
2023-11-02,27873370.620548576
2023-11-03,27873370.620548576
2023-11-06,27873370.620548576
2023-11-07,27873370.620548576
2023-11-08,27873370.620548576
2023-11-09,27873370.620548576
2023-11-10,27873370.620548576
2023-11-13,27873370.620548576
2023-11-14,27873370.620548576
2023-11-15,27873370.620548576
2023-11-16,27873370.620548576
2023-11-17,27873370.620548576
2023-11-20,27873370.620548576
2023-11-21,27873370.620548576
2023-11-22,27873370.620548576
2023-11-23,27873370.620548576
2023-11-24,27873370.620548576
2023-11-27,27873370.620548576
2023-11-28,27873370.620548576
2023-11-29,27873370.620548576
2023-11-30,27873370.620548576
2023-12-01,27873370.620548576
2023-12-04,27873370.620548576
2023-12-05,27873370.620548576
2023-12-06,27873370.620548576
2023-12-07,27873370.620548576
2023-12-08,27873370.620548576
2023-12-11,27873370.620548576
2023-12-12,27873370.620548576
2023-12-13,27873370.620548576
2023-12-14,27873370.620548576
2023-12-15,27873370.620548576
2023-12-18,27873370.620548576
2023-12-19,27873370.620548576
2023-12-20,27873370.620548576
2023-12-21,27873370.620548576
2023-12-22,27873370.620548576
2023-12-26,27873370.620548576
2023-12-27,27873370.620548576
2023-12-28,27873370.620548576
2024-01-02,27873370.620548576
2024-01-03,27873370.620548576
2024-01-04,28120813.20504858
2024-01-05,28381043.76399858
2024-01-08,28381043.76399858
2024-01-09,28381043.76399858
2024-01-10,28381043.76399858
2024-01-11,28381043.76399858
2024-01-12,28381043.76399858
2024-01-15,28381043.76399858
2024-01-16,28381043.76399858
2024-01-17,28157163.11492358
2024-01-18,28185783.29330063
2024-01-19,28449249.28582838
2024-01-22,28740641.352201685
2024-01-23,28975114.071075384
2024-01-24,28975114.071075384
2024-01-25,28686460.646575384
2024-01-26,28780612.262213882
2024-01-29,28780612.262213882
2024-01-30,28780612.262213882
2024-01-31,28780612.262213882
2024-02-01,28780612.262213882
2024-02-02,28817688.62090483
2024-02-05,28857372.285566784
2024-02-06,28411121.74430528
2024-02-07,29344122.079985328
2024-02-08,30035467.931595832
2024-02-13,29710558.612649333
2024-02-14,28716897.636331286
2024-02-15,28352093.25102153
2024-02-16,29402565.250398632
2024-02-19,30022801.356935132
2024-02-20,28695328.711113583
2024-02-21,28064307.248657584
2024-02-22,28219398.679480083
2024-02-23,28273339.189975083
2024-02-26,27941465.919171635
2024-02-27,27967719.75541723
2024-02-28,29253103.176526032
2024-02-29,28886809.48351791
2024-03-04,30999699.248735413
2024-03-05,30985840.226630412
2024-03-06,31504328.724965412
2024-03-07,31558727.879357412
2024-03-08,31403287.480352417
2024-03-11,30816700.549732417
2024-03-12,30706725.719647415
2024-03-13,30518859.765983615
2024-03-14,30842613.95452611
2024-03-15,30426982.878649108
2024-03-18,31149570.58255826
2024-03-19,30826940.524369463
2024-03-20,30430277.364789262
2024-03-21,30791526.23615741
2024-03-22,30705979.178847414
2024-03-25,30335272.57821656
2024-03-26,30687820.17721706
2024-03-27,30666257.48345661
2024-03-28,30207042.642105184
2024-03-29,30073341.963817984
2024-04-01,30956731.622686535
2024-04-02,29776256.085716315
2024-04-03,29907748.884770937
2024-04-04,29886092.916416936
2024-04-05,29573090.19263334
2024-04-08,28666424.897638656
2024-04-09,29305362.96122326
2024-04-11,29465458.330101766
2024-04-12,30885170.703493886
2024-04-15,31059843.110349387
2024-04-16,29603721.119053386
2024-04-17,30670875.791657884
2024-04-18,30967743.019873884
2024-04-19,30989565.97824569
2024-04-22,30582512.515794657
2024-04-23,30597953.659933917
2024-04-24,31092206.28504802
2024-04-25,30261704.526665095
2024-04-26,31177620.049578045
2024-04-29,31183949.335356645
2024-04-30,31161659.61536421
2024-05-02,30914850.33622451
2024-05-03,31048546.62748313
2024-05-07,30910958.046973124
2024-05-08,30351469.64160533
2024-05-09,30676010.051330328
2024-05-10,31053392.928193428
2024-05-13,30884798.42281208
2024-05-14,29933501.784623954
2024-05-16,31184223.691742957
2024-05-17,31365427.91313596
2024-05-20,33605926.61003995
2024-05-21,33587699.598581955
2024-05-22,32991562.237676956
2024-05-23,32871062.575326957
2024-05-24,33190716.54943746
2024-05-27,34892837.76249546
2024-05-28,35169002.24491346
2024-05-29,34430887.73866896
2024-05-30,33585492.375523716
2024-05-31,33562705.963205464
2024-06-03,32417985.478029564
2024-06-04,32544403.688873965
2024-06-05,32293963.621253964
2024-06-07,32894039.337361462
2024-06-10,31966443.165466465
2024-06-11,33593428.54926867
2024-06-12,33324192.617106266
2024-06-13,33123463.17766626
2024-06-14,32545473.467093665
2024-06-17,32625536.738678668
2024-06-18,33179099.981318664
2024-06-19,33278455.219630465
2024-06-20,33297528.23746567
2024-06-21,33281774.816655666
2024-06-24,31718913.209047414
2024-06-25,31153922.79222217
2024-06-26,31372476.57966217
2024-06-27,31614760.20351217
2024-06-28,31640683.55421217
2024-07-01,32562919.65958372
2024-07-02,32056442.208848555
2024-07-03,31993638.424057353
2024-07-04,32297051.31961741
2024-07-05,32456347.880445458
2024-07-08,33114997.40745961
2024-07-09,32782168.379759856
2024-07-10,32312963.54300065
2024-07-11,31950736.52000305
2024-07-12,31499351.56777723
2024-07-15,31661073.394067235
2024-07-16,32034269.938952237
2024-07-17,31678828.22996724
2024-07-18,30641818.109172735
2024-07-19,30914694.16057234
2024-07-22,31815919.067006137
2024-07-23,31745026.82303626
2024-07-24,31126996.23855276
2024-07-25,29342779.87803984
2024-07-26,30508905.91540914
2024-07-29,30573506.940315127
2024-07-30,30171136.655373126
2024-07-31,30615430.980708726
2024-08-01,30882688.761802327
2024-08-02,29552794.19509509
2024-08-05,27647105.63157277
2024-08-06,28228403.449471176
2024-08-07,29597627.373772353
2024-08-08,29449963.979977354
2024-08-09,28955451.337332353
2024-08-12,29312750.52698785
2024-08-13,29312750.52698785
2024-08-14,29312750.52698785
2024-08-16,29119947.281187855
2024-08-19,29155727.464182857
2024-08-20,29323132.486587856
2024-08-21,29439676.188567854
2024-08-22,29308364.446752854
2024-08-23,29763219.546342857
2024-08-26,29977985.688752852
2024-08-27,29567798.516522855
2024-08-28,29450744.617592856
2024-08-29,29576971.394462857
2024-08-30,29226141.020227857
2024-09-02,29107192.722592857
2024-09-03,29307500.45934785
2024-09-04,29219660.182552855
2024-09-05,29283072.686572853
2024-09-06,29262598.224779602
2024-09-09,29125204.4660696
2024-09-10,29125204.4660696
2024-09-11,29125204.4660696
2024-09-12,29125204.4660696
2024-09-13,29125204.4660696
2024-09-19,29125204.4660696
2024-09-20,29125204.4660696
2024-09-23,29125204.4660696
2024-09-24,29125204.4660696
2024-09-25,29125204.4660696
2024-09-26,29125204.4660696
2024-09-27,28760189.4236196
2024-09-30,28540759.22751555
2024-10-02,28494496.017035548
2024-10-04,28540759.22751555
2024-10-07,28667983.056335546
2024-10-08,28650634.352405548
2024-10-10,28708463.365505546
2024-10-11,28806772.68777555
2024-10-14,28922430.71397555
2024-10-15,28858818.799565546
2024-10-16,28870384.602185547
2024-10-17,28870384.602185547
2024-10-18,28870384.602185547
2024-10-21,28870384.602185547
2024-10-22,28870384.602185547
2024-10-23,28870384.602185547
2024-10-24,28870384.602185547
2024-10-25,28870384.602185547
2024-10-28,28870384.602185547
2024-10-29,28870384.602185547
2024-10-30,28870384.602185547
2024-10-31,28870384.602185547
2024-11-01,28870384.602185547
2024-11-04,29512346.30134555
2024-11-05,28740936.181098096
2024-11-06,28723786.8875581
2024-11-07,28054776.704807647
2024-11-08,28285416.755985547
2024-11-11,28161832.037385546
2024-11-12,27992121.04484185
2024-11-13,27535584.100281246
2024-11-14,28017790.2128556
2024-11-15,28053342.692467917
2024-11-18,27309716.656067915
2024-11-19,27028775.829796463
2024-11-20,27446817.706263267
2024-11-21,27131167.410545245
2024-11-22,27131167.410545245
2024-11-25,26839601.613295242
2024-11-26,26871245.306823745
2024-11-27,27039747.086373746
2024-11-28,27066965.72218875
2024-11-29,26891687.31118875
2024-12-02,27179735.61954375
2024-12-03,28454274.948757753
2024-12-04,28455670.821487755
2024-12-05,28195664.925862752
2024-12-06,28105143.9241965
2024-12-09,27197330.374700002
2024-12-10,27315347.4258137
2024-12-11,27315347.4258137
2024-12-12,27193216.5565687
2024-12-13,27247752.430732824
2024-12-16,27618232.170890324
2024-12-17,27464332.217148077
2024-12-18,27218595.258148078
2024-12-19,27311560.381966077
2024-12-20,27311560.381966077
2024-12-23,27311560.381966077
2024-12-24,27316998.550366078
2024-12-26,27742939.14340608
2024-12-27,27742939.14340608
2024-12-30,27742939.14340608
