code,n,corr_raw,corr_mcap
000500,2596,-0.05684722097489589,-0.06087418848932446
003380,1780,-0.13082760402217522,-0.13299329446851316
006730,2596,-0.1629576619744979,-0.16269519203441926
006910,2568,0.06158494354810894,0.05720333796532495
007390,2590,0.0033792333880799034,0.004918828074157224
009520,2596,0.10921795459372173,0.10622276796209792
013030,2596,-0.3887968298357531,-0.39149203406815203
014620,2596,-0.18746506759013096,-0.1842519544561422
015750,2596,-0.03068678205908534,-0.02636210707578459
018290,2339,-0.01824242997760725,-0.005766605267005111
019210,2596,-0.07373746812571935,-0.07651452826154755
023160,2596,-0.21083949041389577,-0.21311923270412217
024850,2488,0.054140222913589504,0.0533394815886065
025320,2541,-0.08391885140352628,-0.08352664525738625
025900,2581,-0.06567683820578381,-0.06932519292370175
025980,2585,-0.04535707790767864,-0.04619465980896344
027360,1441,0.019775512578267984,0.021322521657480057
030520,2596,-0.17654893892204787,-0.1763120010703159
030530,2574,-0.11243249750971743,-0.11162798841730852
031330,2596,-0.11651450042491661,-0.11735141370267078
032190,2596,-0.030537676516096963,-0.033975523630455834
032500,2596,-0.08741563865175885,-0.08072493423454324
033100,2510,0.0036558812869901397,0.003200116234652346
033160,2596,-0.03829029761845668,-0.038437306858221595
033500,2596,-0.04158235126728239,-0.04496099898274118
033640,2596,0.057641145623131065,0.056224287725215434
033790,1613,-0.09660931251496845,-0.10276057940627387
034950,2596,-0.12129340909378275,-0.11661259471187539
035760,2596,-0.29193703843854174,-0.2902747892766861
035890,2590,-0.05615424979580784,-0.05674393659264647
035900,2596,-0.04371106357074816,-0.03994121520603997
036540,2596,0.1181177325549483,0.1215357444247893
036810,2596,0.008848640588275601,0.006378363796855385
036830,2568,-0.3220731823246601,-0.32431334344321455
037460,2551,-0.07792832305813271,-0.07697957573018054
038500,2553,0.025836679231227965,0.023696777175203635
039200,2486,-0.049840995419258974,-0.05648438638070606
039440,2596,-0.12198231987735218,-0.12894483418742328
041190,2386,0.024751179526459405,0.022836271501437463
041510,2596,-0.10230749335530195,-0.10543173348398448
041830,2596,-0.0916514037212528,-0.09331841720907956
041960,2596,-0.013211253988281503,-0.009201962192563569
042000,1631,-0.1371019991688005,-0.14471228513636636
044490,2324,-0.07539903357239684,-0.07944870388170375
045100,2596,-0.012892812652249975,-0.010953341405280955
046890,2596,-0.02414726335775712,-0.029630452531025853
048410,2595,0.023128763489522527,0.022539432512692137
050890,2592,-0.04948968646333666,-0.046759137966160484
052020,2393,-0.07008026332153802,-0.08214466564804548
052400,2454,-0.21809322297956418,-0.21679158732527948
053610,2576,-0.10170201516330314,-0.10776043420010747
053800,2596,0.06620347173163217,0.06355800561522652
056080,2567,0.006777703128750354,0.003959240324450058
056190,2596,-0.3961518890825172,-0.39758095186490144
059090,2596,0.0005659488867038539,-0.006020334113139635
060250,2596,-0.12537820868870783,-0.12141466358501503
060280,2311,-0.09231430583307117,-0.09301506934101599
060370,2552,-0.03418719725143356,-0.033032126762466155
064260,2596,0.016416782835725532,0.007518703397651571
064290,2502,-0.09391072720191908,-0.10143737941596337
065350,2594,-0.11228639768164304,-0.12142233682178018
067160,2596,-0.318232063235243,-0.31471545538925155
068760,2595,0.01730814056256551,0.015447006065875466
069540,1953,0.0698295660611285,0.06497060103714766
074600,2596,-0.10166252100886473,-0.10843937997597415
077360,2568,-0.08070826117390469,-0.08493308894097973
078160,2596,0.03083665305191228,0.029971221206158836
078350,2496,-0.0016078603159518912,-0.008516941588112902
080580,2399,-0.028058507520196736,-0.020614373222031378
082270,2596,-0.0697419732050695,-0.06975949908073596
082740,2586,-0.031157254186483876,-0.03140805878754289
083450,2596,-0.09177118377482962,-0.0933988394793788
083650,2559,0.07636837665572287,0.07316949969131413
085660,2576,-0.04915989231812856,-0.04464536870851567
086450,2583,-0.34421284604718483,-0.3455164180841168
086900,2596,-0.10092696490434996,-0.09264512753529362
089010,2568,0.07874083396818715,0.07295669486252156
089030,2596,-0.2394828605434042,-0.2399225530738049
089890,2251,0.058456481757921355,0.05520509063437089
089970,1500,-0.232475453711665,-0.22875209239540173
090360,2382,0.03312887291843027,0.03162869822160193
090710,2472,0.02810652727600345,0.02803482241616197
092190,1124,-0.17829354352839302,-0.17471370805140343
093320,2596,-0.22565579975845568,-0.22516127588082763
094170,2273,0.06769252533603713,0.06074983589268709
096530,2596,-0.12813639043567632,-0.1382739706846262
099190,2596,-0.17928456785001204,-0.18215376667929975
099320,2596,0.059105801576461295,0.04976571099699344
101490,2567,-0.12972802137749215,-0.13838874686026467
101930,2546,-0.09162190764212418,-0.0930177728030017
102710,2596,-0.21378278312220406,-0.22452985975069858
102940,2595,-0.025662248807039448,-0.022858696730076195
104830,2596,-0.33767725637807594,-0.34176507855809407
107640,213,-0.20978387181427133,-0.196063346921454
110990,1511,-0.1393809847353431,-0.14330730087750945
112040,2581,-0.09876458424941013,-0.10219636109976045
114810,2555,-0.08550754263561594,-0.0854099633222279
115180,1766,-0.044828445066901146,-0.05520442430440346
121600,2596,-0.15754763528968535,-0.15129320420616996
122640,2220,-0.1281379590389024,-0.13696559167432784
122870,2596,-0.1257565401613719,-0.1280101409687852
124500,2463,0.08098859765661039,0.07993386618434326
126340,1232,-0.02976165530913207,-0.03520332071789873
127120,2569,0.005808670515629891,0.0025233922274581085
131290,2583,0.01371117279819605,0.011055627734147526
137400,2596,-0.09894239571211204,-0.1001452665533282
138080,2596,0.05080193768496837,0.04926736514349627
140410,2591,-0.030287207951237235,-0.03075471366288217
140860,2156,-0.2589543487105376,-0.2675541951472494
160190,62,0.24844852052802055,0.2573197675250642
161580,1800,0.04950343041303779,0.041372882234627206
166090,1820,-0.2137941400038461,-0.22730226114928787
168360,452,-0.1936202778247177,-0.1890002670731999
170920,2596,-0.038527102641369944,-0.04882104203500596
171090,1723,-0.06962388545720086,-0.0712120773791173
174900,1725,-0.027832773075160397,-0.03256941309635341
179900,1718,-0.03319741733093501,-0.033790123127653615
183300,1846,-0.35542425850124537,-0.35277071693313394
189300,1954,-0.0957147684034075,-0.10425798587414865
195940,770,-0.046670310773071606,-0.046913944907888736
199800,2243,-0.01074747084615302,-0.011308228730731458
200710,2405,-0.019917275779628783,-0.025710614180428942
203650,2417,0.02418244852205202,0.02219645777329472
204270,1126,-0.08894380959700016,-0.08902187446086197
211050,1112,0.027899204976757394,0.019438981625704094
213420,2370,-0.17425761246482432,-0.1805200471393965
214430,2252,-0.16091305425271324,-0.15894461561211284
222080,2167,-0.040729966963110764,-0.04295392014953684
225570,2037,0.08878990577795294,0.0915553724265084
230360,2000,-0.1725307901809781,-0.16695952658718763
232140,2027,-0.08325157292590356,-0.08948809323828266
241710,1946,-0.3347446873702262,-0.323546089248321
251970,1290,-0.3609343496812328,-0.36080515100160765
252990,827,-0.026417410670353487,-0.04104494067873209
253450,1682,0.05914055467740886,0.05743662372597632
253590,1553,-0.1400389868035373,-0.13855107697761662
254490,409,-0.050820333528448024,-0.05509004184282627
272290,1774,-0.07894031299074385,-0.07935308834949872
274090,1127,0.1146135962914067,0.11724287017368788
278280,1389,-0.0531943715808102,-0.04440943948039587
281740,1514,0.08550303619293509,0.07703991070729758
290550,1419,-0.09061778834917832,-0.08927194733975716
290650,1455,-0.19071232104680827,-0.19605638472968562
293490,995,0.17183749961437617,0.16944750544457216
295310,61,0.19071742926894997,0.18303257521480773
323280,1248,-0.14756964310951814,-0.14946417695845365
327260,1172,-0.07486188662096141,-0.08378041949741293
328130,537,-0.19217828441266888,-0.20997169329001594
330860,951,-0.07476724235644172,-0.07488542387410932
332570,1023,-0.2453887868575548,-0.2492798481818792
336260,1218,0.22313731773020373,0.22766520831042567
336570,772,-0.26457195117628357,-0.2615796717195734
340570,948,0.03277760781740509,0.02423295651846406
347700,867,0.06696098867826306,0.06442476142418203
348210,978,-0.10109999601123902,-0.10356659154301634
348340,466,0.08261806905995196,0.06796201506272703
348370,715,-0.1557413276412818,-0.13303421080829386
354320,304,-0.23879405280334587,-0.2451493260472592
356680,376,-0.03598402274318523,-0.03223933120032804
356860,932,-0.03058776042765271,-0.04150565731776773
358570,366,-0.31495838859060044,-0.3330473302599356
365340,532,-0.07147098041536593,-0.06806473970451939
368770,850,-0.062292906240893654,-0.0639884037168325
372320,216,-0.3806319239789001,-0.3760467148034562
376300,709,-0.21014638774496086,-0.21062455558610926
383310,821,0.17422882222160013,0.17029094458976818
388720,623,-0.07566284039218213,-0.08108584753385134
389470,454,0.04961231475970996,0.0441103736431787
389500,480,-0.2369061520791575,-0.2570069553542773
393890,489,-0.5027253457115681,-0.4826065870964404
394280,493,0.08391440333710654,0.11909453847417407
397030,532,-0.30918564912449037,-0.31985028609370675
399720,579,-0.08455472576408457,-0.05830000095667283
417200,193,0.11883213541800688,0.09684109515098112
420770,329,-0.3324926652665792,-0.3264374329973466
425040,413,-0.24650389352059243,-0.2593374291242618
425420,457,-0.14765625255749443,-0.16010489465772845
437730,127,0.19792761675367113,0.19039137335154718
445680,273,-0.2287895991286682,-0.16761501603942366
452280,205,0.044631136955349524,0.03362302647270955
458870,68,-0.39157980895741096,-0.43170168865815445
460930,163,0.1340204994298485,0.10606715420853755
