Date,equity
2020-01-02,10000000.0
2020-01-03,10005930.570943879
2020-01-06,9907593.429479076
2020-01-07,10001701.016472274
2020-01-08,9890307.4242473
2020-01-09,10051858.015695322
2020-01-10,10143529.011525536
2020-01-13,10248670.218879445
2020-01-14,10292896.647158613
2020-01-15,10256577.646804616
2020-01-16,10335054.27162015
2020-01-17,10346639.572998893
2020-01-20,10402129.488729615
2020-01-21,10296620.49403035
2020-01-22,10423323.234505808
2020-01-23,10326227.375331583
2020-01-28,10007125.87981629
2020-01-29,10046479.125769481
2020-01-30,9875090.222833157
2020-01-31,9741813.283559445
2020-02-03,9741215.62912324
2020-02-04,9920603.906821076
2020-02-05,9956141.359066188
2020-02-06,10242601.727681056
2020-02-07,10169090.23202784
2020-02-10,10119071.153059302
2020-02-11,10220442.5401233
2020-02-12,10290597.976250133
2020-02-13,10265680.3836022
2020-02-14,10314550.127116501
2020-02-17,10308021.901736414
2020-02-18,10154976.39264977
2020-02-19,10161688.511702534
2020-02-20,10093463.959138826
2020-02-21,9943314.775396865
2020-02-24,9558057.531135496
2020-02-25,9671014.21957824
2020-02-26,9547621.565210994
2020-02-27,9447031.726255877
2020-02-28,9134964.163720537
2020-03-02,9206222.961883439
2020-03-03,9259736.02063287
2020-03-04,9467443.923923187
2020-03-05,9586652.997236999
2020-03-06,9379588.721801054
2020-03-09,8986745.8635417
2020-03-10,9024260.172768107
2020-03-11,8772969.469052993
2020-03-12,8433042.015106864
2020-03-13,8143915.188238161
2020-03-16,7883797.588234482
2020-03-17,7688778.3483589785
2020-03-18,7315290.299149032
2020-03-19,6701269.326075663
2020-03-20,7200126.886634149
2020-03-23,6815375.349972646
2020-03-24,7401582.405053399
2020-03-25,7837364.435883172
2020-03-26,7752221.665433046
2020-03-27,7896991.959249162
2020-03-30,7894187.580740815
2020-03-31,8066679.845713208
2020-04-01,7748635.738815817
2020-04-02,7929771.006404096
2020-04-03,7932437.464657934
2020-04-06,8237884.854976852
2020-04-07,8383712.537410867
2020-04-08,8308040.291103684
2020-04-09,8441685.017722752
2020-04-10,8554273.918820137
2020-04-13,8393642.795735504
2020-04-14,8537631.541442737
2020-04-16,8537585.568024566
2020-04-17,8801748.828827173
2020-04-20,8727409.811646905
2020-04-21,8640152.263960978
2020-04-22,8717249.686231421
2020-04-23,8802668.297190564
2020-04-24,8684424.665658316
2020-04-27,8839630.925398933
2020-04-28,8891672.834766937
2020-04-29,8953599.029041408
2020-05-04,8713663.75961419
2020-05-06,8867169.002882533
2020-05-07,8866479.401609987
2020-05-08,8945599.654279895
2020-05-11,8897695.352547158
2020-05-12,8836872.520308757
2020-05-13,8920774.008468304
2020-05-14,8849699.103978079
2020-05-15,8860364.93699343
2020-05-18,8905556.80705416
2020-05-19,9105541.176091982
2020-05-20,9147055.172699146
2020-05-21,9186914.1262522
2020-05-22,9057361.033850228
2020-05-25,9169857.988111272
2020-05-26,9331592.473231977
2020-05-27,9338120.698612062
2020-05-28,9325891.769378945
2020-05-29,9330764.951704925
2020-06-01,9493878.639370715
2020-06-02,9595525.866943732
2020-06-03,9870492.881016197
2020-06-04,9889709.769811094
2020-06-05,10030802.19017364
2020-06-08,10041927.757370688
2020-06-09,10063213.449983219
2020-06-10,10094337.454084048
2020-06-11,10007401.720325308
2020-06-12,9802911.956306864
2020-06-15,9336373.708721617
2020-06-16,9829346.671754392
2020-06-17,9843138.697205275
2020-06-18,9808336.819650877
2020-06-19,9844379.979495857
2020-06-22,9777304.76238639
2020-06-23,9798038.773980882
2020-06-24,9937200.310780307
2020-06-25,9711286.933894822
2020-06-26,9813715.709576722
2020-06-29,9624443.14697242
2020-06-30,9692713.672954297
2020-07-01,9685220.00579265
2020-07-02,9817025.795684934
2020-07-03,9895364.500245957
2020-07-06,10058662.081584426
2020-07-07,9949429.240013424
2020-07-08,9925109.301801698
2020-07-09,9966577.324990692
2020-07-10,9885434.24192132
2020-07-13,10050065.05238671
2020-07-14,10038801.564935155
2020-07-15,10122794.99993104
2020-07-16,10039491.1662077
2020-07-17,10119622.834077336
2020-07-20,10105876.782044621
2020-07-21,10246693.361898148
2020-07-22,10245911.813789265
2020-07-23,10188582.961331759
2020-07-24,10116174.827714615
2020-07-27,10196260.522166083
2020-07-28,10376154.507463785
2020-07-29,10404520.106474435
2020-07-30,10422219.872469738
2020-07-31,10341122.762818538
2020-08-03,10348800.323652862
2020-08-04,10481801.422417557
2020-08-05,10628410.652960459
2020-08-06,10769778.913832022
2020-08-07,10811430.830693694
2020-08-10,10971004.565160425
2020-08-11,11119452.732430108
2020-08-12,11182344.368486142
2020-08-13,11206158.599098003
2020-08-14,11068054.450916478
2020-08-18,10795661.948261514
2020-08-19,10852209.252610141
2020-08-20,10455366.706970029
2020-08-21,10594987.977951149
2020-08-24,10711024.885411255
2020-08-25,10880666.798457133
2020-08-26,10892573.913763061
2020-08-27,10778238.02277523
2020-08-28,10821223.16876382
2020-08-31,10694198.614361176
2020-09-01,10801684.466041734
2020-09-02,10869817.071769102
2020-09-03,11014771.259257896
2020-09-04,10887654.758018913
2020-09-07,10961074.306835786
2020-09-08,11042401.283577833
2020-09-09,10922410.662155142
2020-09-10,11017437.717511736
2020-09-11,11018403.159293298
2020-09-14,11161932.170818832
2020-09-15,11233972.517090619
2020-09-16,11198756.878772693
2020-09-17,11061985.95971809
2020-09-18,11090627.39923776
2020-09-21,10984842.564029478
2020-09-22,10723713.548826069
2020-09-23,10726701.821007092
2020-09-24,10448378.747408247
2020-09-25,10476376.559073543
2020-09-28,10611032.700892344
2020-09-29,10702106.04228635
2020-10-05,10840532.004395058
2020-10-06,10876851.004749056
2020-10-07,10973579.076577922
2020-10-08,10996657.732499069
2020-10-12,11050768.445684705
2020-10-13,11048101.987430867
2020-10-14,10943880.248440351
2020-10-15,10855289.471627505
2020-10-16,10764813.784669705
2020-10-19,10788765.935536072
2020-10-20,10842416.914540011
2020-10-21,10899653.820161184
2020-10-22,10826969.846035024
2020-10-23,10853450.53490072
2020-10-26,10775755.458194071
2020-10-27,10715668.200646387
2020-10-28,10781961.86964697
2020-10-29,10696497.285269657
2020-10-30,10422863.500324113
2020-11-02,10574621.75370201
2020-11-03,10772997.053103894
2020-11-04,10837405.811959526
2020-11-05,11097017.704363337
2020-11-06,11109476.500687303
2020-11-09,11250614.894468019
2020-11-10,11276497.928897511
2020-11-11,11428394.102529917
2020-11-12,11381271.34890606
2020-11-13,11465172.837065607
2020-11-16,11691178.160787435
2020-11-17,11673340.474537624
2020-11-18,11703177.222929701
2020-11-19,11711360.491363894
2020-11-20,11739312.329611018
2020-11-23,11964995.839405656
2020-11-24,12034737.51476896
2020-11-25,11960168.630497845
2020-11-26,12072205.850577196
2020-11-27,12106869.807877086
2020-11-30,11913275.74396484
2020-12-01,12110547.681330655
2020-12-02,12302026.968007099
2020-12-03,12395444.953727752
2020-12-04,12557409.305939304
2020-12-07,12621726.117958596
2020-12-08,12417098.433685644
2020-12-09,12667837.456382718
2020-12-10,12626415.406611897
2020-12-11,12734912.673492188
2020-12-14,12698777.566810869
2020-12-15,12674043.867835619
2020-12-16,12742866.07483553
2020-12-17,12736613.689964462
2020-12-18,12744659.038144143
2020-12-21,12774403.839699887
2020-12-22,12567661.378191128
2020-12-23,12687835.8932865
2020-12-24,12904094.852356367
2020-12-28,12912094.227117881
2020-12-29,12966848.56815789
2020-12-30,13210323.790784167
2021-01-04,13536643.112952089
2021-01-05,13748672.517550353
2021-01-06,13645875.954523094
2021-01-07,13937669.239645636
2021-01-08,14491648.92858949
2021-01-11,14474500.843612222
2021-01-12,14371060.65273059
2021-01-13,14473765.268921508
2021-01-14,14481304.909501325
2021-01-15,14186937.112961287
2021-01-18,13856066.42239457
2021-01-19,14218015.143643945
2021-01-20,14318650.956017232
2021-01-21,14531461.908724377
2021-01-22,14438549.630603585
2021-01-25,14752823.917211067
2021-01-26,14437078.481222156
2021-01-27,14355475.66397109
2021-01-28,14109471.903345484
2021-01-29,13682654.689058786
2021-02-01,14051913.183797128
2021-02-02,14237094.112184335
2021-02-03,14388208.737707857
2021-02-04,14194522.726959273
2021-02-05,14346602.794264356
2021-02-08,14211486.918263858
2021-02-09,14181282.382526424
2021-02-10,14254426.090834279
2021-02-15,14467834.697977629
2021-02-16,14542541.502503252
2021-02-17,14406827.972066551
2021-02-18,14190431.092742175
2021-02-19,14286791.377225688
2021-02-22,14158663.460786974
2021-02-23,14114253.138835127
2021-02-24,13768946.794963153
2021-02-25,14250334.456617184
2021-02-26,13851561.027413948
2021-03-02,13993710.836394396
2021-03-03,14173558.848273925
2021-03-04,13991963.84650395
2021-03-05,13912751.646997707
2021-03-08,13774141.79121632
2021-03-09,13682240.92829526
2021-03-10,13599488.775589952
2021-03-11,13855009.033776669
2021-03-12,14042074.87230883
2021-03-15,14002169.945337607
2021-03-16,14100828.900729598
2021-03-17,14010399.187189966
2021-03-18,14095495.984221924
2021-03-19,13973758.372908784
2021-03-22,13955047.19171375
2021-03-23,13813816.851096693
2021-03-24,13775245.15325239
2021-03-25,13830321.308219586
2021-03-26,13980562.438797887
2021-03-29,13957713.649967588
2021-03-30,14113839.378071597
2021-03-31,14074394.18528207
2021-04-01,14193833.125686727
2021-04-02,14310605.607837548
2021-04-05,14347522.262627747
2021-04-06,14376255.648983758
2021-04-07,14423746.189952968
2021-04-08,14450640.639582194
2021-04-09,14398322.889705174
2021-04-12,14415379.0278461
2021-04-13,14569344.005296137
2021-04-14,14630488.651461724
2021-04-15,14685426.886174412
2021-04-16,14705149.482569177
2021-04-19,14706160.89776891
2021-04-20,14806658.789887685
2021-04-21,14581205.147183897
2021-04-22,14608145.570231292
2021-04-23,14647590.76302082
2021-04-26,14792085.216327919
2021-04-27,14782384.82509413
2021-04-28,14626305.070408288
2021-04-29,14592284.740962775
2021-04-30,14471788.411940217
2021-05-03,14376807.33000179
2021-05-04,14469535.714449903
2021-05-06,14613754.327247983
2021-05-07,14698621.257189093
2021-05-10,14938142.765852785
2021-05-11,14754846.74761053
2021-05-12,14535231.729014281
2021-05-13,14353406.860153459
2021-05-14,14496889.898260824
2021-05-17,14410459.872101951
2021-05-18,14587595.452309474
2021-05-20,14538082.0809408
2021-05-21,14511141.657893404
2021-05-24,14455421.875071835
2021-05-25,14579642.05096613
2021-05-26,14566355.73311511
2021-05-27,14552931.495009586
2021-05-28,14659681.771999428
2021-05-31,14729515.394199073
2021-06-01,14812037.67981353
2021-06-02,14822887.406501561
2021-06-03,14929545.736655066
2021-06-04,14895755.2743004
2021-06-07,14951107.269776613
2021-06-08,14931384.673381848
2021-06-09,14785878.804875018
2021-06-10,14824772.316646513
2021-06-11,14938234.712689122
2021-06-14,14951153.243194785
2021-06-15,14981035.965005035
2021-06-16,15073212.66843511
2021-06-17,15010137.1387064
2021-06-18,15023791.243902773
2021-06-21,14899019.386990441
2021-06-22,15005172.00954408
2021-06-23,15061765.287310878
2021-06-24,15107324.944716964
2021-06-25,15184284.4467329
2021-06-28,15179916.972006785
2021-06-29,15109991.402970802
2021-06-30,15155964.821140416
2021-07-01,15088751.68377644
2021-07-02,15087464.428067692
2021-07-05,15140012.04503556
2021-07-06,15195180.146839097
2021-07-07,15103830.964936074
2021-07-08,14953681.781194113
2021-07-09,14794016.09989104
2021-07-12,14925132.28851078
2021-07-13,15039652.073171292
2021-07-14,15009447.537433855
2021-07-15,15107876.625735
2021-07-16,15065075.373419087
2021-07-19,14913960.747895567
2021-07-20,14861826.891691223
2021-07-21,14784637.52258444
2021-07-22,14942326.346906219
2021-07-23,14961681.155955626
2021-07-26,14826197.492609771
2021-07-27,14861045.343582341
2021-07-28,14880951.833649784
2021-07-29,14907570.442769991
2021-07-30,14722159.647291938
2021-08-02,14817416.569739377
2021-08-03,14882239.089358531
2021-08-04,15081028.149523946
2021-08-05,15061489.44680186
2021-08-06,15034962.78451799
2021-08-09,14989265.206857394
2021-08-10,14910053.007351149
2021-08-11,14806291.002542328
2021-08-12,14750019.53870272
2021-08-13,14579504.130711623
2021-08-17,14449859.09147331
2021-08-18,14522680.985853978
2021-08-19,14241783.400837636
2021-08-20,14070210.604228634
2021-08-23,14206751.656192388
2021-08-24,14427837.824170064
2021-08-25,14466961.203032406
2021-08-26,14382921.794618353
2021-08-27,14407609.520175435
2021-08-30,14454916.167471968
2021-08-31,14708137.754750203
2021-09-01,14743767.153831655
2021-09-02,14600468.009396965
2021-09-03,14716366.996602563
2021-09-06,14726802.962527066
2021-09-07,14653659.254219212
2021-09-08,14541346.193630842
2021-09-09,14319340.557289775
2021-09-10,14370187.157785367
2021-09-13,14379841.575600987
2021-09-14,14476247.833502669
2021-09-15,14497257.685606182
2021-09-16,14390093.64785281
2021-09-17,14437997.94958555
2021-09-23,14378554.319892239
2021-09-24,14367796.540040547
2021-09-27,14406414.211303022
2021-09-28,14242197.161601162
2021-09-29,14069107.242192565
2021-09-30,14108414.514727585
2021-10-01,13880202.466933617
2021-10-05,13618108.009948649
2021-10-06,13370495.179687105
2021-10-07,13605649.213624682
2021-10-08,13591121.613483084
2021-10-12,13407595.728149984
2021-10-13,13536459.21927941
2021-10-14,13739799.647843616
2021-10-15,13861261.418647736
2021-10-18,13822735.694221599
2021-10-19,13925532.257248858
2021-10-20,13852388.548941001
2021-10-21,13825723.966402626
2021-10-22,13820345.07647678
2021-10-25,13886454.851804687
2021-10-26,14017662.987260766
2021-10-27,13909211.693798644
2021-10-28,13835930.065236282
2021-10-29,13657231.388810989
2021-11-01,13695205.43221909
2021-11-02,13854043.591995107
2021-11-03,13680356.018150305
2021-11-04,13714882.055195685
2021-11-05,13650749.136849074
2021-11-08,13609051.246569233
2021-11-09,13619441.239075568
2021-11-10,13470993.071805881
2021-11-11,13446857.027266834
2021-11-12,13648588.386195103
2021-11-15,13789818.726812158
2021-11-16,13779198.867214976
2021-11-17,13619257.345402889
2021-11-18,13550113.324475788
2021-11-19,13658794.485028755
2021-11-22,13852940.229959037
2021-11-23,13779750.548233012
2021-11-24,13765774.629109448
2021-11-25,13701319.89683565
2021-11-26,13499818.40499823
2021-11-29,13375138.494922236
2021-11-30,13051899.391771678
2021-12-01,13331004.013479404
2021-12-02,13540412.933241999
2021-12-03,13646427.63554113
2021-12-06,13669046.55728058
2021-12-07,13753959.460639857
2021-12-08,13800300.66615483
2021-12-09,13927968.848411849
2021-12-10,13839056.257671813
2021-12-13,13799657.038300455
2021-12-14,13736627.48198991
2021-12-15,13743247.654206336
2021-12-16,13821494.411931021
2021-12-17,13873536.321299024
2021-12-20,13621923.803656725
2021-12-21,13677229.825714773
2021-12-22,13720674.705885056
2021-12-23,13783612.315359259
2021-12-24,13849170.409669127
2021-12-27,13789956.647066666
2021-12-28,13885075.649259597
2021-12-29,13761177.287292488
2021-12-30,13689274.861275211
2022-01-03,13740397.30227982
2022-01-04,13742558.052933794
2022-01-05,13580409.807049563
2022-01-06,13426674.696690375
2022-01-07,13584639.361521168
2022-01-10,13455132.242537364
2022-01-11,13458166.48813656
2022-01-12,13665506.604081519
2022-01-13,13617740.222603291
2022-01-14,13433065.001815949
2022-01-17,13286777.585200235
2022-01-18,13167890.325813614
2022-01-19,13066932.699513143
2022-01-20,13160718.472579153
2022-01-21,13030199.93839562
2022-01-24,12835778.35295632
2022-01-25,12506562.705443712
2022-01-26,12455302.34418459
2022-01-27,12019704.207027495
2022-01-28,12244284.354786064
2022-02-03,12448774.118804507
2022-02-04,12643885.305516351
2022-02-07,12619979.128068151
2022-02-08,12626461.380030066
2022-02-09,12729349.889893662
2022-02-10,12743509.702689903
2022-02-11,12632162.0838831
2022-02-14,12433418.997135857
2022-02-15,12304969.266769953
2022-02-16,12549272.010923283
2022-02-17,12615519.706505697
2022-02-18,12617496.563486991
2022-02-21,12614186.47737878
2022-02-22,12444038.856733037
2022-02-23,12502608.991481125
2022-02-24,12177439.004767442
2022-02-25,12305980.681969685
2022-02-28,12409053.085505959
2022-03-02,12429005.548991572
2022-03-03,12629265.758538412
2022-03-04,12474565.206397658
2022-03-07,12188978.332728015
2022-03-08,12056069.180799663
2022-03-10,12322347.218838068
2022-03-11,12234813.830643123
2022-03-14,12162957.378044015
2022-03-15,12052069.493418906
2022-03-16,12225389.27991835
2022-03-17,12387583.499220751
2022-03-18,12445096.245350936
2022-03-21,12348689.987449257
2022-03-22,12458796.323965482
2022-03-23,12573959.736480366
2022-03-24,12549180.064086944
2022-03-25,12550651.213468371
2022-03-28,12548720.329905247
2022-03-29,12601635.734218474
2022-03-30,12627702.662320646
2022-03-31,12677859.661543695
2022-04-01,12596026.977201782
2022-04-04,12679008.996997936
2022-04-05,12684985.541359985
2022-04-06,12573867.789644029
2022-04-07,12393789.91067365
2022-04-08,12414615.869104484
2022-04-11,12381101.247258835
2022-04-12,12260007.263800072
2022-04-13,12488633.072357561
2022-04-14,12489644.487557294
2022-04-15,12394709.379037041
2022-04-18,12381606.954858702
2022-04-19,12499666.69271827
2022-04-20,12498747.224354878
2022-04-21,12542513.918452352
2022-04-22,12434476.385753756
2022-04-25,12215734.862102732
2022-04-26,12267133.14361636
2022-04-27,12132660.895470237
2022-04-28,12263363.32332645
2022-04-29,12390066.06380191
2022-05-02,12355126.265993001
2022-05-03,12322990.846692443
2022-05-04,12309704.528841425
2022-05-06,12157716.408372678
2022-05-09,12002785.989141079
2022-05-10,11937273.86824938
2022-05-11,11917551.271854615
2022-05-12,11723589.42059701
2022-05-13,11972581.45340364
2022-05-16,11937365.815085717
2022-05-17,12047058.390838416
2022-05-18,12072527.664504383
2022-05-19,11917873.0857818
2022-05-20,12133718.28408814
2022-05-23,12170910.779387359
2022-05-24,11980075.120565288
2022-05-25,12032254.9501878
2022-05-26,12010325.629720895
2022-05-27,12128017.580235109
2022-05-30,12273339.555069258
2022-05-31,12348000.386176711
2022-06-02,12224285.917882279
2022-06-03,12277890.923468051
2022-06-07,12074182.70755849
2022-06-08,12073309.212613268
2022-06-09,12070045.099923223
2022-06-10,11934101.702395674
2022-06-13,11514088.55399808
2022-06-14,11461035.229430344
2022-06-15,11251442.415995073
2022-06-16,11269969.703517426
2022-06-17,11221789.56127567
2022-06-20,10992382.204609295
2022-06-21,11074674.623132903
2022-06-22,10770698.382195413
2022-06-23,10639720.113830185
2022-06-24,10880069.144020928
2022-06-27,11042447.256996004
2022-06-28,11135175.641444117
2022-06-29,10932432.867316118
2022-06-30,10723943.415916916
2022-07-01,10598803.771659227
2022-07-04,10575449.275229063
2022-07-05,10765963.120123945
2022-07-06,10537153.417893775
2022-07-07,10731437.083078563
2022-07-08,10806557.648367714
2022-07-11,10759021.133980334
2022-07-12,10655534.969680531
2022-07-13,10705416.128394563
2022-07-14,10676498.848365877
2022-07-15,10716311.828500759
2022-07-18,10919836.150737643
2022-07-19,10900159.527761046
2022-07-20,10973165.315814395
2022-07-21,11075732.011750804
2022-07-22,11002082.595843084
2022-07-25,11050584.552012026
2022-07-26,11093201.91065526
2022-07-27,11105017.079124851
2022-07-28,11195768.606591668
2022-07-29,11270383.464280954
2022-08-01,11273831.470643673
2022-08-02,11215767.04349545
2022-08-03,11316127.015359718
2022-08-04,11369732.02094549
2022-08-05,11451058.997687537
2022-08-08,11461632.883866549
2022-08-09,11509261.34509027
2022-08-10,11405453.36686328
2022-08-11,11602679.330810925
2022-08-12,11621804.272769485
2022-08-16,11647457.440108128
2022-08-17,11569072.762128936
2022-08-18,11530363.144030122
2022-08-19,11459747.973721595
2022-08-22,11320954.224267527
2022-08-23,11196090.420518856
2022-08-24,11251764.22992226
2022-08-25,11388810.98948588
2022-08-26,11406142.968135824
2022-08-29,11157242.88216553
2022-08-30,11267762.979445284
2022-08-31,11364858.838619512
2022-09-01,11105384.866470207
2022-09-02,11076881.347205045
2022-09-05,11050538.578593856
2022-09-06,11079685.725713393
2022-09-07,10925398.934336165
2022-09-08,10961350.147344805
2022-09-13,11261372.674319707
2022-09-14,11086122.004257139
2022-09-15,11042033.496232478
2022-09-16,10954454.134619365
2022-09-19,10829774.224543367
2022-09-20,10885815.821292128
2022-09-21,10790926.686190046
2022-09-22,10722426.29311732
2022-09-23,10527912.76084168
2022-09-26,10210420.334962325
2022-09-27,10223844.573067853
2022-09-28,9972967.630116265
2022-09-29,9980507.270696083
2022-09-30,9909524.313042197
2022-10-04,10157275.06355825
2022-10-05,10184123.539769303
2022-10-06,10288207.358505312
2022-10-07,10265128.702584166
2022-10-11,10077695.076706648
2022-10-12,10125507.431603046
2022-10-13,9943452.695651373
2022-10-14,10171848.63711802
2022-10-17,10204765.604527462
2022-10-18,10343789.221072374
2022-10-19,10286276.474942189
2022-10-20,10197317.910783986
2022-10-21,10174469.121953687
2022-10-24,10280391.877416477
2022-10-25,10275380.774835989
2022-10-26,10341996.257763762
2022-10-27,10522304.00382499
2022-10-28,10428610.177595314
2022-10-31,10544509.164800912
2022-11-01,10735804.557804676
2022-11-02,10743390.171802662
2022-11-03,10707990.639812062
2022-11-04,10796535.443206737
2022-11-07,10903929.348050956
2022-11-08,11029206.912563156
2022-11-09,11145841.474459466
2022-11-10,11043872.432959262
2022-11-11,11415935.30620595
2022-11-14,11376811.92734361
2022-11-15,11402924.82886395
2022-11-16,11389684.484431101
2022-11-17,11230846.324655084
2022-11-18,11238110.124725884
2022-11-21,11123268.526138186
2022-11-22,11057848.352082826
2022-11-23,11116418.486830914
2022-11-24,11223628.498002453
2022-11-25,11207675.721897598
2022-11-28,11071640.37753371
2022-11-29,11187125.60397578
2022-11-30,11367065.562691651
2022-12-01,11400672.131373638
2022-12-02,11191447.105283724
2022-12-05,11122441.004611135
2022-12-06,11002174.542679422
2022-12-07,10954592.05487387
2022-12-08,10900665.235360913
2022-12-09,10983233.49439354
2022-12-12,10909584.078485819
2022-12-13,10906733.726559304
2022-12-14,11030172.354344718
2022-12-15,10854186.109591432
2022-12-16,10849818.63486532
2022-12-19,10813729.501602175
2022-12-20,10726931.68809794
2022-12-21,10706979.224612327
2022-12-22,10834693.380287517
2022-12-23,10636823.788485497
2022-12-26,10652684.617754014
2022-12-27,10724633.01718946
2022-12-28,10484008.146489698
2022-12-29,10281495.23945255
2023-01-02,10232165.761756552
2023-01-03,10200030.34245599
2023-01-04,10371511.192228653
2023-01-05,10411370.145781709
2023-01-06,10527774.840587173
2023-01-09,10804626.76480459
2023-01-10,10809775.787639586
2023-01-11,10847565.937375009
2023-01-12,10873173.131295484
2023-01-13,10969671.336033506
2023-01-16,11032976.732853064
2023-01-17,10938869.145859862
2023-01-18,10887976.571946101
2023-01-19,10943236.620585976
2023-01-20,11011828.960495042
2023-01-25,11164966.416418027
2023-01-26,11349227.87644184
2023-01-27,11419889.02016854
2023-01-30,11265648.202209482
2023-01-31,11148921.693476832
2023-02-01,11262567.983192118
2023-02-02,11350285.265059743
2023-02-03,11403246.642791139
2023-02-06,11209192.844697196
2023-02-07,11271348.906062515
2023-02-08,11418142.03027809
2023-02-09,11408395.665626135
2023-02-10,11354193.00560416
2023-02-13,11275900.274461307
2023-02-14,11335389.877572786
2023-02-15,11161886.197400663
2023-02-16,11380627.721051687
2023-02-17,11269050.235154035
2023-02-20,11287025.841658352
2023-02-21,11304679.634235485
2023-02-22,11114901.364031315
2023-02-23,11213330.452332461
2023-02-24,11142163.601005899
2023-02-27,11045757.343104217
2023-02-28,11092696.203055393
2023-03-02,11161656.330309816
2023-03-03,11181057.112777393
2023-03-06,11321505.905285563
2023-03-07,11324861.964811945
2023-03-08,11180321.538086677
2023-03-09,11121383.615993232
2023-03-10,11008748.74147768
2023-03-13,11082352.18396723
2023-03-14,10799018.007787894
2023-03-15,10940386.26865946
2023-03-16,10932065.07997076
2023-03-17,11013805.817476334
2023-03-20,10937995.650914641
2023-03-21,10980061.328539839
2023-03-22,11111591.277923105
2023-03-23,11146163.288386654
2023-03-24,11102396.594289182
2023-03-27,11076007.852259822
2023-03-28,11194251.48379207
2023-03-29,11235535.613308385
2023-03-30,11278015.051697107
2023-03-31,11386972.052759094
2023-04-03,11366192.06774643
2023-04-04,11403752.350391006
2023-04-05,11471333.275100337
2023-04-06,11305920.916526064
2023-04-07,11449266.034378922
2023-04-10,11548890.431552477
2023-04-11,11713383.321763357
2023-04-12,11726163.932014508
2023-04-13,11776826.638837423
2023-04-14,11822018.508898154
2023-04-17,11842338.759729123
2023-04-18,11820179.57217137
2023-04-19,11838522.966021046
2023-04-20,11783492.784472018
2023-04-21,11697476.519076671
2023-04-24,11601392.075102175
2023-04-25,11442875.729253346
2023-04-26,11423612.867040277
2023-04-27,11474091.680190513
2023-04-28,11500388.475383533
2023-05-02,11605483.709319271
2023-05-03,11499790.820947329
2023-05-04,11497676.043711526
2023-05-08,11554085.427805644
2023-05-09,11539603.801082214
2023-05-10,11477309.819462387
2023-05-11,11451978.46605093
2023-05-12,11380351.88054267
2023-05-15,11398419.433883328
2023-05-16,11402511.068100423
2023-05-17,11468804.73710101
2023-05-18,11564153.606384788
2023-05-19,11667088.089666555
2023-05-22,11755770.81331574
2023-05-23,11803904.982139328
2023-05-24,11803445.247957628
2023-05-25,11744783.166373203
2023-05-26,11763724.214659084
2023-05-30,11886519.214590123
2023-05-31,11847901.543327648
2023-06-01,11811352.675882805
2023-06-02,11959341.108970793
2023-06-05,12023933.7614991
2023-06-07,12024807.256444324
2023-06-08,12002969.882813757
2023-06-09,12142315.313285856
2023-06-12,12088020.706427542
2023-06-13,12127557.846053412
2023-06-14,12040806.005967349
2023-06-15,11992350.023216575
2023-06-16,12071654.16955916
2023-06-19,11996763.471360859
2023-06-20,11975661.672421005
2023-06-21,11873232.896739105
2023-06-22,11924125.470652867
2023-06-23,11815628.203772577
2023-06-26,11871256.039757812
2023-06-27,11867532.192886071
2023-06-28,11788457.913634336
2023-06-29,11723313.580087993
2023-06-30,11788871.674397863
2023-07-03,11964444.15838762
2023-07-04,11922332.507344253
2023-07-05,11856544.545943534
2023-07-06,11752138.913280342
2023-07-07,11616149.542334622
2023-07-10,11588519.518014682
2023-07-11,11780642.4325455
2023-07-12,11836867.922966938
2023-07-13,11912770.036364973
2023-07-14,12083193.497519735
2023-07-17,12040438.218621992
2023-07-18,11988120.46874497
2023-07-19,11990970.820671488
2023-07-20,11954146.112717627
2023-07-21,11997958.78023327
2023-07-24,12084250.886137635
2023-07-25,12120707.806746138
2023-07-26,11917965.03261814
2023-07-27,11970604.596422348
2023-07-28,11991338.608016847
2023-07-31,12102870.120496327
2023-08-01,12261432.439763328
2023-08-02,12028806.94382508
2023-08-03,11977868.396493148
2023-08-04,11965961.281187218
2023-08-07,11864406.00045054
2023-08-08,11833465.890022388
2023-08-09,11976627.114202566
2023-08-10,11960260.577334186
2023-08-11,11912907.956619482
2023-08-14,11819168.156971637
2023-08-16,11611230.386590471
2023-08-17,11584611.777470266
2023-08-18,11514042.580579909
2023-08-21,11533811.150392843
2023-08-22,11565716.702602552
2023-08-23,11518639.92239687
2023-08-24,11666582.382066688
2023-08-25,11581347.664780224
2023-08-28,11692925.150677878
2023-08-29,11733151.89157629
2023-08-30,11774803.808437958
2023-08-31,11752046.966444
2023-09-01,11786251.189562196
2023-09-04,11882059.793027673
2023-09-05,11871164.092921471
2023-09-06,11784550.17308992
2023-09-07,11715222.258490141
2023-09-08,11712555.800236301
2023-09-11,11754851.344952349
2023-09-12,11661525.30606803
2023-09-13,11652882.303452143
2023-09-14,11828454.7874419
2023-09-15,11958973.321625438
2023-09-18,11836867.922966938
2023-09-19,11765563.15138587
2023-09-20,11767999.742548855
2023-09-21,11562176.749403493
2023-09-22,11530730.93137548
2023-09-25,11473861.813099666
2023-09-26,11323114.9749215
2023-09-27,11332769.392737119
2023-10-04,11059779.23564595
2023-10-05,11050170.791248498
2023-10-06,11073755.154769512
2023-10-10,11045481.502595197
2023-10-11,11263855.238900866
2023-10-12,11400580.1845373
2023-10-13,11291761.103729822
2023-10-16,11200228.02815412
2023-10-17,11310242.417834008
2023-10-18,11321413.958449224
2023-10-19,11106258.36141543
2023-10-20,10918686.815283403
2023-10-23,10836026.609414436
2023-10-24,10957810.194145745
2023-10-25,10864300.261588749
2023-10-26,10569656.62453969
2023-10-27,10586804.709516957
2023-10-30,10622388.135180239
2023-10-31,10472698.685619973
2023-11-01,10581058.032245755
2023-11-02,10772123.558158673
2023-11-03,10888068.51878244
2023-11-06,11504250.242509779
2023-11-07,11235719.506981064
2023-11-08,11133014.890790146
2023-11-09,11158116.377110753
2023-11-10,11078030.682659285
2023-11-13,11050906.365939215
2023-11-14,11186481.976121405
2023-11-15,11432071.975983487
2023-11-16,11439013.962127095
2023-11-17,11354744.686622193
2023-11-20,11452897.934414322
2023-11-21,11541258.84413632
2023-11-22,11547143.441662028
2023-11-23,11562130.775985325
2023-11-24,11477861.500480423
2023-11-27,11473402.078917969
2023-11-28,11593392.700340664
2023-11-29,11584427.883797588
2023-11-30,11655594.73512415
2023-12-01,11516387.224906558
2023-12-04,11562084.802567154
2023-12-05,11467057.747210562
2023-12-06,11472114.82320922
2023-12-07,11456897.621795079
2023-12-08,11575417.093836343
2023-12-11,11609943.130881723
2023-12-12,11655502.788287813
2023-12-13,11542362.20617239
2023-12-14,11696465.103876937
2023-12-15,11785561.58828965
2023-12-18,11800732.816285623
2023-12-19,11808502.323956288
2023-12-20,12018830.712082274
2023-12-21,11953180.670936063
2023-12-22,11950836.026609415
2023-12-26,11964995.839405656
2023-12-27,12015152.838628704
2023-12-28,12207229.779741352
2024-01-02,12274029.156341804
2024-01-03,11986695.292781712
2024-01-04,11893415.227315566
2024-01-05,11852314.991471931
2024-01-08,11805146.264429906
2024-01-09,11774895.7552743
2024-01-10,11686350.951879622
2024-01-11,11678489.49737262
2024-01-12,11608517.954918467
2024-01-15,11612839.456226408
2024-01-16,11482274.948624704
2024-01-17,11198664.931936355
2024-01-18,11217697.927058574
2024-01-19,11368031.004473211
2024-01-22,11329459.306628907
2024-01-23,11395017.40093878
2024-01-24,11354009.11193148
2024-01-25,11356997.384112505
2024-01-26,11394787.533847928
2024-01-29,11496342.814584607
2024-01-30,11487883.705641398
2024-01-31,11479976.277716223
2024-02-01,11688557.675951766
2024-02-02,12023474.027317405
2024-02-05,11913137.82371033
2024-02-06,11843671.988856042
2024-02-07,11997131.258706216
2024-02-08,12046506.709820382
2024-02-13,12181300.771893691
2024-02-14,12046966.444002079
2024-02-15,12016532.041173793
2024-02-16,12177255.111094765
2024-02-19,12322071.378329052
2024-02-20,12218769.107701926
2024-02-21,12198173.016361939
2024-02-22,12248559.882675836
2024-02-23,12264328.765108012
2024-02-26,12169531.576842269
2024-02-27,12068252.13661461
2024-02-28,12193483.727708638
2024-02-29,12147832.12346621
2024-03-04,12294533.300845452
2024-03-05,12180197.40985762
2024-03-06,12143832.436085453
2024-03-07,12172014.141423428
2024-03-08,12322485.139092576
2024-03-11,12228193.658426698
2024-03-12,12329197.25814534
2024-03-13,12383261.997912807
2024-03-14,12499069.038282067
2024-03-15,12260375.051145429
2024-03-18,12347724.545667695
2024-03-19,12211321.413958449
2024-03-20,12367493.115480628
2024-03-21,12665033.077874372
2024-03-22,12636069.824427515
2024-03-25,12585545.03785911
2024-03-26,12675285.150126196
2024-03-27,12666182.413328612
2024-03-28,12623473.107849041
2024-03-29,12627196.95472078
2024-04-01,12632851.685155643
2024-04-02,12657217.596785538
2024-04-03,12444866.37826009
2024-04-04,12605911.26210825
2024-04-05,12478151.13301489
2024-04-08,12493965.98886524
2024-04-09,12436545.189571388
2024-04-11,12444820.40484192
2024-04-12,12329243.231563509
2024-04-15,12276879.50826832
2024-04-16,11997361.125797063
2024-04-17,11880358.776555395
2024-04-18,12112616.485148286
2024-04-19,11915666.36170966
2024-04-22,12088434.467191068
2024-04-23,12058919.532726178
2024-04-24,12301337.366734553
2024-04-25,12084664.64690116
2024-04-26,12212056.988649163
2024-04-29,12355080.292574834
2024-04-30,12376320.011769196
2024-05-02,12337656.367088549
2024-05-03,12305383.02753348
2024-05-07,12570787.570626665
2024-05-08,12619933.154649982
2024-05-09,12468634.63545378
2024-05-10,12539847.460198514
2024-05-13,12537916.576635389
2024-05-14,12552306.256522479
2024-05-16,12656482.022094823
2024-05-17,12526009.46132946
2024-05-20,12606554.889962623
2024-05-21,12523986.630929995
2024-05-22,12520676.544821782
2024-05-23,12513090.930823797
2024-05-24,12355815.867265547
2024-05-27,12518515.794167811
2024-05-28,12517872.166313438
2024-05-29,12308463.246550845
2024-05-30,12116018.518092839
2024-05-31,12120983.647255156
2024-06-03,12332461.37083538
2024-06-04,12238583.650933031
2024-06-05,12364550.816717774
2024-06-07,12517044.644786384
2024-06-10,12418201.795721713
2024-06-11,12437280.764262104
2024-06-12,12542330.024779674
2024-06-13,12665170.99812888
2024-06-14,12681399.614742756
2024-06-17,12615565.679923868
2024-06-18,12706684.994736044
2024-06-19,12860282.184840724
2024-06-20,12907634.805555427
2024-06-21,12800194.92729304
2024-06-24,12710408.841607781
2024-06-25,12754819.16355963
2024-06-26,12836008.220047168
2024-06-27,12799275.458929647
2024-06-28,12862534.882331036
2024-07-01,12892371.630723117
2024-07-02,12784563.96511537
2024-07-03,12845019.010008413
2024-07-04,12987214.792407028
2024-07-05,13158649.668761522
2024-07-08,13138099.550839705
2024-07-09,13182325.979118874
2024-07-10,13185130.357627219
2024-07-11,13292524.26247144
2024-07-12,13134605.571058813
2024-07-15,13152627.150981301
2024-07-16,13176395.408174995
2024-07-17,13071576.014748272
2024-07-18,12984502.360735022
2024-07-19,12851685.155643007
2024-07-22,12704800.08459109
2024-07-23,12754359.429377932
2024-07-24,12682732.843869675
2024-07-25,12461784.596146507
2024-07-26,12559478.10975694
2024-07-29,12714086.715061352
2024-07-30,12588395.389785625
2024-07-31,12737808.998836873
2024-08-01,12769944.418137431
2024-08-02,12303360.197134016
2024-08-05,11224639.913202187
2024-08-06,11595185.66364928
2024-08-07,11807858.696101913
2024-08-08,11754161.743679803
2024-08-09,11899897.479277482
2024-08-12,12037220.07935012
2024-08-13,12051931.573164396
2024-08-14,12157670.43495451
2024-08-16,12400088.268962886
2024-08-19,12294947.061608978
2024-08-20,12397329.863872709
2024-08-21,12418017.902049035
2024-08-22,12448084.517531963
2024-08-23,12420592.413466534
2024-08-26,12403674.195580117
2024-08-27,12363401.481263533
2024-08-28,12366067.939517371
2024-08-29,12239411.172460085
2024-08-30,12294717.19451813
2024-09-02,12325473.411273602
2024-09-03,12250214.925729943
2024-09-04,11864819.761214066
2024-09-05,11840453.84958417
2024-09-06,11696924.838058636
2024-09-09,11658537.033887006
2024-09-10,11601070.261174988
2024-09-11,11554821.002496356
2024-09-12,11824776.913988333
2024-09-13,11840040.088820642
2024-09-19,11864819.761214066
2024-09-20,11922608.34785327
2024-09-23,11962329.38115182
2024-09-24,12098732.512861064
2024-09-25,11936170.50621331
2024-09-26,12282120.477939656
2024-09-27,12181944.399748066
2024-09-30,11922148.613671575
2024-10-02,11776964.559091933
2024-10-04,11813835.240463963
2024-10-07,12000809.132159784
2024-10-08,11927159.716252062
2024-10-10,11949226.956973478
2024-10-11,11938882.937885314
2024-10-14,12060160.815016756
2024-10-15,12106869.807877086
2024-10-16,12000717.185323447
2024-10-17,11995844.002997467
2024-10-18,11924677.151670903
2024-10-21,11975707.645839175
2024-10-22,11818386.608862754
2024-10-23,11951341.73420928
2024-10-24,11865877.149831967
2024-10-25,11876175.19550196
2024-10-28,12010233.682884555
2024-10-29,12034921.408441639
2024-10-30,11924539.231416393
2024-10-31,11751495.285425967
2024-11-01,11688097.941770067
2024-11-04,11902380.04385864
2024-11-05,11846798.181291578
2024-11-06,11785331.721198805
2024-11-07,11790480.7440338
2024-11-08,11774481.994510775
2024-11-11,11638906.38432858
2024-11-12,11413222.874533946
2024-11-13,11112142.958941141
2024-11-14,11120326.227375332
2024-11-15,11111131.543741409
2024-11-18,11351158.760004964
2024-11-19,11364399.104437813
2024-11-20,11411935.618825195
2024-11-21,11404304.03140904
2024-11-22,11499055.246256612
2024-11-25,11651227.260398038
2024-11-26,11586956.421796916
2024-11-27,11507422.408363484
2024-11-28,11514824.128688792
2024-11-29,11290657.741693752
2024-12-02,11284083.542895498
2024-12-03,11493814.276585277
2024-12-04,11327850.236992972
2024-12-05,11226019.115747275
2024-12-06,11163081.506273072
2024-12-09,10852393.14628282
2024-12-10,11115636.938722031
2024-12-11,11229053.36134647
2024-12-12,11411154.070716312
2024-12-13,11467885.268737616
2024-12-16,11442645.862162497
2024-12-17,11294795.349329017
2024-12-18,11421773.930313492
2024-12-19,11198802.852190861
2024-12-20,11052699.329247829
2024-12-23,11226754.69043799
2024-12-24,11219904.651130717
2024-12-26,11170023.492416685
2024-12-27,11055549.681174343
2024-12-30,11031275.716380786
2025-01-02,11028747.17838146
2025-01-03,11226340.929674463
2025-01-06,11441128.739362901
2025-01-07,11457035.542049585
2025-01-08,11590128.587650621
2025-01-09,11594036.32819504
2025-01-10,11565900.596275235
2025-01-13,11445358.293834504
2025-01-14,11481401.453679483
2025-01-15,11478689.022007475
2025-01-16,11619735.468951851
2025-01-17,11601621.942193024
2025-01-20,11585531.24583366
2025-01-21,11576244.615363399
2025-01-22,11709705.448309787
2025-01-23,11564567.367148314
2025-01-24,11662536.721267764
2025-01-31,11573210.369764201
2025-02-03,11281646.951732507
2025-02-04,11409177.213735018
2025-02-05,11535971.901046816
2025-02-06,11662306.854176914
2025-02-07,11594128.275031377
2025-02-10,11591140.00285035
2025-02-11,11672880.740355926
2025-02-12,11715819.912926344
2025-02-13,11875715.461320264
2025-02-14,11911942.51483792
2025-02-17,12000993.025832463
2025-02-18,12076343.458212461
2025-02-19,12281890.610848807
2025-02-20,12201621.02272466
2025-02-21,12204011.640469478
2025-02-24,12161210.38815357
2025-02-25,12092342.207735486
2025-02-26,12141993.499358673
2025-02-27,12053080.908618636
2025-02-28,11644055.407163579
2025-03-04,11626309.667750107
2025-03-05,11760598.022223549
2025-03-06,11843488.095183363
2025-03-07,11785193.800944293
2025-03-10,11816961.432899497
2025-03-11,11666214.594721332
2025-03-12,11837327.657148637
2025-03-13,11831902.793804621
2025-03-14,11798434.145377144
2025-03-17,12002234.308123043
2025-03-18,12009819.92212103
2025-03-19,12084664.64690116
2025-03-20,12123650.105508994
2025-03-21,12151372.076665273
2025-03-24,12100525.47616968
2025-03-25,12025772.698225886
2025-03-26,12155095.923537012
2025-03-27,11985959.718091
2025-03-28,11759908.420951007
2025-03-31,11406556.728899349
2025-04-01,11591691.683868386
2025-04-02,11520294.965450976
2025-04-03,11432209.896237995
2025-04-04,11334378.462373056
2025-04-07,10703531.218249606
2025-04-08,10731253.189405885
2025-04-09,10544922.925564438
2025-04-10,11240776.582979722
2025-04-11,11184045.384958416
2025-04-14,11290565.794857413
2025-04-15,11389500.590758424
2025-04-16,11251672.283085918
2025-04-17,11357319.198039692
2025-04-18,11417130.615078362
2025-04-21,11440117.324163169
2025-04-22,11431934.055728976
2025-04-23,11610862.599245116
2025-04-24,11596013.18517633
2025-04-25,11706211.468528898
2025-04-28,11717980.663580319
2025-04-29,11794112.644069199
2025-04-30,11753610.06266177
2025-05-02,11768229.609639706
2025-05-07,11832638.368495336
2025-05-08,11858751.270015677
2025-05-09,11848591.144600192
2025-05-12,11986787.239618054
2025-05-13,11991798.342198541
2025-05-14,12139602.88161385
2025-05-15,12051287.945310023
2025-05-16,12076619.298721477
2025-05-19,11968811.633113734
2025-05-20,11961363.939370258
2025-05-21,12070688.727777598
2025-05-22,11923987.550398361
2025-05-23,11916723.750327561
2025-05-26,12157210.700772814
2025-05-27,12124201.786527028
2025-05-28,12275592.25255957
2025-05-29,12507712.04089795
2025-05-30,12402111.09936235
2025-06-02,12408087.643724397
2025-06-04,12738498.600109419
2025-06-05,12927955.056386398
2025-06-09,13128950.84062395
2025-06-10,13202876.09704069
2025-06-11,13364656.555579564
2025-06-12,13424376.025781894
2025-06-13,13307557.570212903
2025-06-16,13546803.238367574
2025-06-17,13563537.562581316
2025-06-18,13664173.3749546
2025-06-19,13689688.622038735
2025-06-20,13892431.396166736
2025-06-23,13858548.98697573
2025-06-24,14268493.956794182
2025-06-25,14289687.702570373
2025-06-26,14157789.96584175
2025-06-27,14049200.752125122
2025-06-30,14121654.859160433
2025-07-01,14204177.144774891
2025-07-02,14137101.927665424
2025-07-03,14326558.383942405
2025-07-04,14041569.164708965
2025-07-07,14065429.368738994
2025-07-08,14320489.892744014
2025-07-09,14406873.94548472
2025-07-10,14634396.392006142
2025-07-11,14600100.22205161
2025-07-14,14720826.418165019
2025-07-15,14781741.197239757
2025-07-16,14648878.01872957
2025-07-17,14676048.308867812
2025-07-18,14656647.526400235
2025-07-21,14761191.079317937
2025-07-22,14573297.719258724
2025-07-23,14636878.9565873
2025-07-24,14667589.199924603
2025-07-25,14693334.31409959
2025-07-28,14755260.508374058
2025-07-29,14852034.553621097
2025-07-30,14961911.023046473
2025-07-31,14920397.026439311
2025-08-01,14340994.037247663
2025-08-04,14471282.70434035
2025-08-05,14702299.130642662
2025-08-06,14702942.758497035
2025-08-07,14838748.235770077
2025-08-08,14757513.20586437
2025-08-11,14742617.818377413
2025-08-12,14665106.635343444
2025-08-13,14823531.034355935
2025-08-14,14829461.605299814
2025-08-18,14607042.208195223
2025-08-19,14488798.576662973
2025-08-20,14390093.64785281
2025-08-21,14443652.68002041
2025-08-22,14567734.935660202
2025-08-25,14756823.604591824
2025-08-26,14616604.679174501
2025-08-27,14652463.945346799
2025-08-28,14694575.596390167
2025-08-29,14647177.002257295
2025-09-01,14449123.516782597
2025-09-02,14584377.3130376
2025-09-03,14639867.228768326
2025-09-04,14715309.607984664
2025-09-05,14735032.204379426
2025-09-08,14801555.74047086
2025-09-09,14987564.190385118
2025-09-10,15238027.37257318
2025-09-11,15374430.504282424
2025-09-12,15610458.033165222
2025-09-15,15664568.74635086
2025-09-16,15859082.278626498
2025-09-17,15692566.558016155
2025-09-18,15912779.231048608
2025-09-19,15838945.921468206
2025-09-22,15946569.693403274
2025-09-23,16027207.068872778
2025-09-24,15962614.41634447
2025-09-25,15957879.154273
2025-09-26,15566829.259322261
2025-09-29,15774445.215776239
2025-09-30,15744056.786366124
2025-10-01,15887631.771309827
2025-10-02,16316931.550177686
2025-10-10,16599162.364320949
2025-10-13,16479401.609989103
2025-10-14,16374858.057071399
2025-10-15,16813766.28033671
2025-10-16,17232538.146443725
2025-10-17,17234928.764188543
2025-10-20,17537433.855744608
2025-10-21,17579499.533369806
2025-10-22,17854604.46769678
2025-10-23,17679353.797634207
2025-10-24,18120836.532317016
2025-10-27,18586271.41786619
2025-10-28,18437225.596160296
2025-10-29,18762441.55629215
2025-10-30,18788830.298321508
2025-10-31,18883581.513169084
2025-11-03,19409379.496774964
2025-11-04,18949047.660642616
2025-11-05,18409687.518676702
2025-11-06,18510966.95890436
2025-11-07,18176786.182229437
2025-11-10,18726076.582519986
2025-11-11,18878478.46375226
2025-11-12,19080761.50369856
2025-11-13,19173811.70207386
2025-11-14,18442558.512667976
2025-11-17,18799680.02500954
2025-11-18,18176142.55437506
2025-11-19,18065300.64316812
2025-11-20,18411664.375657994
2025-11-21,17714753.32962481
2025-11-24,17681652.468542688
2025-11-25,17735533.31463748
2025-11-26,18209473.28254803
2025-11-27,18329188.063461706
2025-11-28,18051876.405062594
2025-12-01,18023280.938961092
2025-12-02,18366058.744833734
2025-12-03,18556250.77580143
2025-12-04,18520437.483047303
2025-12-05,18849331.31663272
2025-12-08,19101265.64820221
2025-12-09,19049315.685670543
2025-12-10,19010008.413135525
2025-12-11,18897925.219638005
2025-12-12,19157858.925969
2025-12-15,18805840.463044267
2025-12-16,18385367.580464974
2025-12-17,18648703.319740526
2025-12-18,18364127.861270614
2025-12-19,18483842.64218429
2025-12-22,18876363.686516456
2025-12-23,18928727.409811646
2025-12-24,18888730.53600408
2025-12-26,18985550.55466929
2025-12-29,19403356.978994746
2025-12-30,19373979.96478436
2026-01-02,19812842.2146315
2026-01-05,20492743.09594193
2026-01-06,20805178.445822623
2026-01-07,20922778.4495005
2026-01-08,20928800.96728072
2026-01-09,21084880.721966557
2026-01-12,21261740.461665064
2026-01-13,21573670.1039459
2026-01-14,21713705.135690544
2026-01-15,22055977.233963322
2026-01-16,22254536.427037884
2026-01-19,22548398.51597806
2026-01-20,22461462.78221932
2026-01-21,22572626.50735345
2026-01-22,22768473.268756006
2026-01-23,22941057.480564736
2026-01-26,22754957.083814137
2026-01-27,23376793.537976343
2026-01-28,23771981.040562347
2026-01-29,24003870.961809877
2026-01-30,24018168.69486063
2026-02-02,22755324.871159494
2026-02-03,24311111.315437414
2026-02-04,24692782.633081555
2026-02-05,23738696.285807546
2026-02-06,23396516.13437111
2026-02-09,24356900.83993435
2026-02-10,24373681.137566257
2026-02-11,24616420.785501823
2026-02-12,25387762.795551613
2026-02-13,25317607.359424777
2026-02-19,26100258.830344293
2026-02-20,26703797.86407499
2026-02-23,26876474.022720065
2026-02-24,27444475.604205646
2026-02-25,27969583.98653898
2026-02-26,28996676.121866338
2026-02-27,28706399.959543392
2026-03-03,26627390.04307709
2026-03-04,23416744.438365735
2026-03-05,25671096.971730944
2026-03-06,25675556.393293396
2026-03-09,24144641.568245236
2026-03-10,25435207.363102652
2026-03-11,25790857.72606279
2026-03-12,25668108.699549917
2026-03-13,25226717.911703452
2026-03-16,25514557.48286341
2026-03-17,25931214.571734622
2026-03-18,27239388.185751
2026-03-19,26495492.306348473
2026-03-20,26578152.512217432
2026-03-23,24852080.527039267
2026-03-24,25533268.664058443
2026-03-25,25939167.973077964
2026-03-26,25103601.097845227
2026-03-27,25004344.488017026
2026-03-30,24261551.97065057
2026-03-31,23227885.63652496
2026-04-01,25187456.612586603
2026-04-02,24062716.937066987
2026-04-03,24721286.15234671
2026-04-06,25057030.025239408
2026-04-07,25261381.869003337
2026-04-08,26997154.245415304
2026-04-09,26563486.99182133
2026-04-10,26935228.051140826
2026-04-13,26704211.62483852
2026-04-14,27435786.628171593
2026-04-15,28004201.9704207
2026-04-16,28623280.01949273
2026-04-17,28466372.743279833
2026-04-20,28591282.52044668
2026-04-21,29369980.277403608
2026-04-22,29505417.96733129
2026-04-23,29771512.11169702
2026-04-24,29770684.590169966
2026-04-27,30411554.039454386
2026-04-28,30531038.953277215
2026-04-29,30760354.36310725
2026-04-30,30337260.99569229
2026-05-04,31891714.210843287
2026-05-06,33949346.487860724
2026-05-07,34434320.076131985
2026-05-08,34470868.94357682
2026-05-11,35961511.05430839
2026-05-12,35138173.10830878
2026-05-13,36061595.18566365
2026-05-14,36693269.95131415
2026-05-15,34448709.75601907
2026-05-18,34553804.98995481
2026-05-19,33430306.596725773
2026-05-20,33142007.29138412
2026-05-21,35930938.7312256
2026-05-22,35847910.73801128
