regime,strategy,CAGR,Sharpe,MDD,PF,N_trades,WinRate,Final
STRONG_BULL,"Momentum5(r=0.05,s=0.03,t=0.1,h=3)",-0.02710033363702158,-0.09861416969382605,-0.4566472610306903,0.9464188565319696,1048,0.3148854961832061,0.7426744938832296
STRONG_BULL,"Momentum5(r=0.05,s=0.03,t=0.1,h=5)",-0.003425606274045978,0.060583214029512,-0.358733193044513,1.0026646626884073,892,0.3004484304932735,0.9635250156851677
STRONG_BULL,"Momentum5(r=0.05,s=0.03,t=0.1,h=7)",-0.0047865408202529824,0.04788084390895945,-0.3099481293699301,1.0015007845952546,842,0.28978622327790976,0.9493724798221123
STRONG_BULL,"Momentum5(r=0.05,s=0.03,t=0.15,h=3)",-0.011716032356731798,0.008396298426793536,-0.3151812447216161,0.9829735384140804,970,0.29896907216494845,0.8801943313780103
STRONG_BULL,"Momentum5(r=0.05,s=0.03,t=0.15,h=5)",-0.002043248473880044,0.06709761773735892,-0.3413708347493304,1.0112077063663045,785,0.27261146496815286,0.9780961148687272
STRONG_BULL,"Momentum5(r=0.05,s=0.03,t=0.15,h=7)",3.9100732033947594e-05,0.0802572520973846,-0.33557417984081617,1.0195688281818398,697,0.2539454806312769,1.0004234719029539
STRONG_BULL,"Momentum5(r=0.05,s=0.05,t=0.1,h=3)",-0.06572216243188633,-0.35066408716254516,-0.5879855932627769,0.8655447530356185,878,0.3838268792710706,0.4789704657287219
STRONG_BULL,"Momentum5(r=0.05,s=0.05,t=0.1,h=5)",-0.043683915393350925,-0.2125857340251072,-0.5051836824565413,0.9017754365034248,707,0.37057991513437055,0.6165222234456694
STRONG_BULL,"Momentum5(r=0.05,s=0.05,t=0.1,h=7)",-0.04648918032758176,-0.24749586710282917,-0.49355716023188323,0.8821550458709086,624,0.36698717948717946,0.5972191707667628
STRONG_BULL,"Momentum5(r=0.05,s=0.05,t=0.15,h=3)",-0.04271851084796208,-0.18962683221266555,-0.4983280871785244,0.9144495159776881,828,0.36594202898550726,0.623295025483072
STRONG_BULL,"Momentum5(r=0.05,s=0.05,t=0.15,h=5)",-0.045675223879755866,-0.22657491755177575,-0.5119175982674882,0.9045468023724975,643,0.3297045101088647,0.6027627226098969
STRONG_BULL,"Momentum5(r=0.05,s=0.05,t=0.15,h=7)",-0.019445421520904338,-0.04659259727423847,-0.3993341654378101,0.970524521447101,543,0.3333333333333333,0.8084527474694666
STRONG_BULL,"Momentum5(r=0.1,s=0.03,t=0.1,h=3)",-0.012938769465945077,-0.014662125309704377,-0.3873857217304726,0.9777216446738713,859,0.3131548311990687,0.868473799987255
STRONG_BULL,"Momentum5(r=0.1,s=0.03,t=0.1,h=5)",-0.012908470375347592,-0.01722668863019243,-0.33370863020977337,0.9755301193054303,774,0.29069767441860467,0.8687625114292886
STRONG_BULL,"Momentum5(r=0.1,s=0.03,t=0.1,h=7)",0.010410699254644218,0.1459031950720322,-0.24154643227995787,1.0470822928903585,731,0.2982216142270862,1.1186765991862109
STRONG_BULL,"Momentum5(r=0.1,s=0.03,t=0.15,h=3)",0.002685049923628835,0.09465396560982209,-0.297277839849473,1.0285538952891382,792,0.29924242424242425,1.029460927658029
STRONG_BULL,"Momentum5(r=0.1,s=0.03,t=0.15,h=5)",0.009731768583076672,0.14103704371854223,-0.2886266649506112,1.0527164368296182,685,0.27007299270072993,1.1105640983269696
STRONG_BULL,"Momentum5(r=0.1,s=0.03,t=0.15,h=7)",0.029211523536433193,0.26842368797461175,-0.23609079518955278,1.1233776482682118,606,0.26732673267326734,1.365849168331456
STRONG_BULL,"Momentum5(r=0.1,s=0.05,t=0.1,h=3)",-0.04526883441394336,-0.22528500423625902,-0.5196363041074773,0.9001877208223376,753,0.3851261620185923,0.6055479322698152
STRONG_BULL,"Momentum5(r=0.1,s=0.05,t=0.1,h=5)",-0.008519932041582523,0.022891322456068234,-0.33340601999777564,0.9973172795351959,642,0.3894080996884735,0.9115117637783657
STRONG_BULL,"Momentum5(r=0.1,s=0.05,t=0.1,h=7)",-0.023371764202458456,-0.08671849682519547,-0.3700467161197044,0.9490140664300578,568,0.3785211267605634,0.7740812542592264
STRONG_BULL,"Momentum5(r=0.1,s=0.05,t=0.15,h=3)",-0.029985249535060987,-0.11681094954229027,-0.42450509307764683,0.940194239819858,705,0.36737588652482267,0.7191727205875644
STRONG_BULL,"Momentum5(r=0.1,s=0.05,t=0.15,h=5)",0.0030649044522308433,0.09750767759844896,-0.3084311570264048,1.0379415673386954,575,0.35130434782608694,1.0336917769020837
STRONG_BULL,"Momentum5(r=0.1,s=0.05,t=0.15,h=7)",-0.02167607926547077,-0.07443934801658285,-0.39418773570285903,0.9565271106322447,502,0.3346613545816733,0.7887592681579189
STRONG_BULL,"RSI2(t=5,s=0.03,tg=0.05,h=3)",-0.04772941531828567,-0.4620391161280616,-0.45240692101226665,0.8236629281669576,918,0.4117647058823529,0.5888613280038675
STRONG_BULL,"RSI2(t=5,s=0.03,tg=0.05,h=5)",-0.04227523554173884,-0.44070882898065267,-0.42120493225340794,0.8138261945770556,708,0.3968926553672316,0.6264273897640442
STRONG_BULL,"RSI2(t=5,s=0.03,tg=0.05,h=7)",-0.03435707759292861,-0.36902356103982054,-0.3802813849155102,0.8537527107664556,621,0.3977455716586151,0.6848424869141193
STRONG_BULL,"RSI2(t=5,s=0.03,tg=0.07,h=3)",-0.036982991021243805,-0.33915358661170353,-0.39991438859128636,0.8666858372650224,861,0.397212543554007,0.6649442331363747
STRONG_BULL,"RSI2(t=5,s=0.03,tg=0.07,h=5)",-0.020135569694167077,-0.1752185181441461,-0.2799253128797887,0.9147995627419782,639,0.37089201877934275,0.8023125846243612
STRONG_BULL,"RSI2(t=5,s=0.03,tg=0.07,h=7)",-0.031949863248433075,-0.35028834954568483,-0.36303862260164077,0.8557599412422291,538,0.34944237918215615,0.7035567082538918
STRONG_BULL,"RSI2(t=5,s=0.03,tg=0.1,h=3)",-0.028791619555344927,-0.2529070329900672,-0.3410825218293092,0.8928901084702475,819,0.39316239316239315,0.7288134205364207
STRONG_BULL,"RSI2(t=5,s=0.03,tg=0.1,h=5)",-0.043980943667723316,-0.43702331564226243,-0.43125833345092557,0.8078665202114234,600,0.33666666666666667,0.6144518982536321
STRONG_BULL,"RSI2(t=5,s=0.03,tg=0.1,h=7)",-0.028019254607843713,-0.30530520303946973,-0.32120031677418004,0.8797853133211724,494,0.32793522267206476,0.7351140020561505
STRONG_BULL,"RSI2(t=5,s=0.05,tg=0.05,h=3)",-0.06250302093072901,-0.6416909777158185,-0.534287695354981,0.7630531671941132,786,0.43256997455470736,0.497146316013668
STRONG_BULL,"RSI2(t=5,s=0.05,tg=0.05,h=5)",-0.03527179660089219,-0.35051569149711337,-0.3568824017449552,0.829852034264072,568,0.477112676056338,0.6778505514234282
STRONG_BULL,"RSI2(t=5,s=0.05,tg=0.05,h=7)",-0.05252241853233375,-0.5471232781634062,-0.4763848439750925,0.7531582872220361,494,0.4473684210526316,0.5575500121514777
STRONG_BULL,"RSI2(t=5,s=0.05,tg=0.07,h=3)",-0.05183433168209306,-0.5061489447713161,-0.5062755005198243,0.8136504398985571,751,0.4247669773635153,0.5619501354944378
STRONG_BULL,"RSI2(t=5,s=0.05,tg=0.07,h=5)",-0.029118110743642345,-0.2785267906997341,-0.3353554110235831,0.8693620324765556,519,0.4489402697495183,0.726164832932614
STRONG_BULL,"RSI2(t=5,s=0.05,tg=0.07,h=7)",-0.052672798868932946,-0.5754960323750008,-0.4761197479232979,0.7504876827641198,430,0.40232558139534885,0.5565925458420788
STRONG_BULL,"RSI2(t=5,s=0.05,tg=0.1,h=3)",-0.05057184527515435,-0.48514845338164464,-0.48789975189190316,0.7887047737761386,713,0.42075736325385693,0.5701054368514927
STRONG_BULL,"RSI2(t=5,s=0.05,tg=0.1,h=5)",-0.0011612220583975263,0.03529482319293023,-0.21926098124029336,0.9928959350495872,490,0.4346938775510204,0.9874975623054956
STRONG_BULL,"RSI2(t=5,s=0.05,tg=0.1,h=7)",-0.0368453716311159,-0.3777600476683567,-0.375775874300041,0.8126873225420912,392,0.39285714285714285,0.6659738891521493
STRONG_BULL,"RSI2(t=10,s=0.03,tg=0.05,h=3)",-0.04736168086668746,-0.45960968658186896,-0.4501233228948214,0.8241887460063754,917,0.4133042529989095,0.5913283188835937
STRONG_BULL,"RSI2(t=10,s=0.03,tg=0.05,h=5)",-0.040792181931955884,-0.42678809560746434,-0.4119932246886011,0.8197951171771025,706,0.3980169971671388,0.6370114038505308
STRONG_BULL,"RSI2(t=10,s=0.03,tg=0.05,h=7)",-0.027713947522444826,-0.2921611070970978,-0.3379841612507646,0.8800541022794603,615,0.40487804878048783,0.7376181537934231
STRONG_BULL,"RSI2(t=10,s=0.03,tg=0.07,h=3)",-0.035761416923087874,-0.33430458744413555,-0.39141569858476355,0.8687324893193743,861,0.3983739837398374,0.6741346703249594
STRONG_BULL,"RSI2(t=10,s=0.03,tg=0.07,h=5)",-0.021942482425527987,-0.19876022923701447,-0.2946809443165228,0.906593514601751,640,0.371875,0.7864366577413099
STRONG_BULL,"RSI2(t=10,s=0.03,tg=0.07,h=7)",-0.025063537403189673,-0.27304373401229143,-0.3315915524787947,0.8872287126665012,529,0.3572778827977316,0.7596845903364682
STRONG_BULL,"RSI2(t=10,s=0.03,tg=0.1,h=3)",-0.025495159400009793,-0.2251070408586075,-0.31183996431851213,0.9081713406952329,813,0.3985239852398524,0.7560506967465531
STRONG_BULL,"RSI2(t=10,s=0.03,tg=0.1,h=5)",-0.043980943667723316,-0.43702331564226243,-0.43125833345092557,0.8078665202114234,600,0.33666666666666667,0.6144518982536321
STRONG_BULL,"RSI2(t=10,s=0.03,tg=0.1,h=7)",-0.028019254607843713,-0.30530520303946973,-0.32120031677418004,0.8797853133211724,494,0.32793522267206476,0.7351140020561505
STRONG_BULL,"RSI2(t=10,s=0.05,tg=0.05,h=3)",-0.06361300579012774,-0.6468242062872844,-0.5404621831094936,0.7661099255460005,790,0.4316455696202532,0.49080962843716425
STRONG_BULL,"RSI2(t=10,s=0.05,tg=0.05,h=5)",-0.036410871219862195,-0.3640880791000055,-0.36490296768521013,0.8235864321635846,567,0.47442680776014107,0.669234287180844
STRONG_BULL,"RSI2(t=10,s=0.05,tg=0.05,h=7)",-0.0445509619433605,-0.453934466878341,-0.42685007241420136,0.7886225961461093,494,0.45951417004048584,0.6104964630504692
STRONG_BULL,"RSI2(t=10,s=0.05,tg=0.07,h=3)",-0.056898615905916605,-0.5612649511578046,-0.5341921790625404,0.7875114755342312,749,0.4218958611481976,0.5302895609620049
STRONG_BULL,"RSI2(t=10,s=0.05,tg=0.07,h=5)",-0.02758461178240834,-0.26389929871829865,-0.3242842017382078,0.8842002701971525,519,0.45472061657032753,0.7386813080116648
STRONG_BULL,"RSI2(t=10,s=0.05,tg=0.07,h=7)",-0.047391162811878385,-0.5089011894999109,-0.4436119645253359,0.7796109537908205,428,0.4088785046728972,0.5911301903694879
STRONG_BULL,"RSI2(t=10,s=0.05,tg=0.1,h=3)",-0.049564271606425625,-0.4722485778395857,-0.4815750826625035,0.7995100889833526,713,0.423562412342216,0.5766909888506546
STRONG_BULL,"RSI2(t=10,s=0.05,tg=0.1,h=5)",-0.0011612220583975263,0.03529482319293023,-0.21926098124029336,0.9928959350495872,490,0.4346938775510204,0.9874975623054956
STRONG_BULL,"RSI2(t=10,s=0.05,tg=0.1,h=7)",-0.0368453716311159,-0.3777600476683567,-0.375775874300041,0.8126873225420912,392,0.39285714285714285,0.6659738891521493
STRONG_BULL,"RSI2(t=15,s=0.03,tg=0.05,h=3)",-0.045511357380566886,-0.43695039035290273,-0.43854435288701643,0.8373163927193844,925,0.4151351351351351,0.6038843874653153
STRONG_BULL,"RSI2(t=15,s=0.03,tg=0.05,h=5)",-0.042488772124034346,-0.44530532946484164,-0.42263935950596476,0.8132732203611381,709,0.39633286318758815,0.6249166739183477
STRONG_BULL,"RSI2(t=15,s=0.03,tg=0.05,h=7)",-0.030419510670734673,-0.3239147146602267,-0.3525481287207921,0.8722266044194091,618,0.4029126213592233,0.7156941015650807
STRONG_BULL,"RSI2(t=15,s=0.03,tg=0.07,h=3)",-0.035989563505583244,-0.33337634324940135,-0.3930322168777194,0.8688070898329536,865,0.3976878612716763,0.6724095178487217
STRONG_BULL,"RSI2(t=15,s=0.03,tg=0.07,h=5)",-0.021741890036271472,-0.1976329033145075,-0.2930560447526557,0.9092437819553619,640,0.371875,0.7881849249556859
STRONG_BULL,"RSI2(t=15,s=0.03,tg=0.07,h=7)",-0.027041035586218398,-0.2962376702386976,-0.34086202770035134,0.8814708923408986,531,0.3559322033898305,0.7431647886033249
STRONG_BULL,"RSI2(t=15,s=0.03,tg=0.1,h=3)",-0.025517586922603974,-0.22229670525144457,-0.3120176463406078,0.9055392134663278,817,0.3990208078335373,0.7558623078216903
STRONG_BULL,"RSI2(t=15,s=0.03,tg=0.1,h=5)",-0.04399354304315051,-0.43690308543839146,-0.4313418637844473,0.8078665202114234,600,0.33666666666666667,0.614364218666679
STRONG_BULL,"RSI2(t=15,s=0.03,tg=0.1,h=7)",-0.028118187276232054,-0.30451176059521756,-0.3222828546344153,0.876872888775672,495,0.32727272727272727,0.7343042057249334
STRONG_BULL,"RSI2(t=15,s=0.05,tg=0.05,h=3)",-0.0668772408133691,-0.6783766878511159,-0.555038040394463,0.7579629739144719,795,0.43018867924528303,0.47259717905607734
STRONG_BULL,"RSI2(t=15,s=0.05,tg=0.05,h=5)",-0.04135153260781832,-0.4190207961612853,-0.4001762330344214,0.8025512842342042,570,0.47017543859649125,0.6330006060639407
STRONG_BULL,"RSI2(t=15,s=0.05,tg=0.05,h=7)",-0.04566839848562043,-0.4669124273822155,-0.4351887504063986,0.781429552671479,495,0.45656565656565656,0.6028094046092992
STRONG_BULL,"RSI2(t=15,s=0.05,tg=0.07,h=3)",-0.059121146701197835,-0.5835505018640051,-0.5466045760952976,0.7765307640699985,751,0.4207723035952064,0.5169132885964748
STRONG_BULL,"RSI2(t=15,s=0.05,tg=0.07,h=5)",-0.026855038918654706,-0.2559617535705265,-0.3188043155862781,0.884616007958252,518,0.4555984555984556,0.7447045734629066
STRONG_BULL,"RSI2(t=15,s=0.05,tg=0.07,h=7)",-0.047382257971857245,-0.5069681091008331,-0.44355564415380255,0.7796109537908203,428,0.4088785046728972,0.591190027515191
STRONG_BULL,"RSI2(t=15,s=0.05,tg=0.1,h=3)",-0.05058240212178933,-0.47714563146546035,-0.48762065442049096,0.7878143795990677,715,0.42377622377622376,0.5700367996098543
STRONG_BULL,"RSI2(t=15,s=0.05,tg=0.1,h=5)",-0.0028463359289543355,0.017700325315600555,-0.22539938297469841,0.9879451022619956,491,0.43380855397148677,0.9696068094426282
STRONG_BULL,"RSI2(t=15,s=0.05,tg=0.1,h=7)",-0.0368453716311159,-0.3777600476683567,-0.375775874300041,0.8126873225420912,392,0.39285714285714285,0.6659738891521493
STRONG_BULL,"Disparity(d=-0.05,s=0.03,tg=0.05,h=3)",-0.030347115115888057,-0.34110821547961045,-0.3561623191425687,0.8270004267703825,500,0.406,0.7162729583015552
STRONG_BULL,"Disparity(d=-0.05,s=0.03,tg=0.05,h=5)",-0.030163547678986213,-0.3350737700317074,-0.35860278585080885,0.8307155391920469,480,0.3854166666666667,0.7177426228912509
STRONG_BULL,"Disparity(d=-0.05,s=0.03,tg=0.05,h=7)",-0.031026795700436427,-0.34151481735277983,-0.3816373435285092,0.8307025739341791,470,0.39148936170212767,0.7108550961684456
STRONG_BULL,"Disparity(d=-0.05,s=0.03,tg=0.07,h=3)",-0.013841909951288978,-0.11694456525796494,-0.2716494145332393,0.9300752462122693,474,0.379746835443038,0.8599079127658421
STRONG_BULL,"Disparity(d=-0.05,s=0.03,tg=0.07,h=5)",-0.011592126288776927,-0.08574143909127768,-0.3072987288909734,0.9431917740488948,442,0.3506787330316742,0.8813900066373493
STRONG_BULL,"Disparity(d=-0.05,s=0.03,tg=0.07,h=7)",-0.008768773211307201,-0.05759712482537433,-0.3097711709841736,0.9611103382203642,429,0.358974358974359,0.9090376411535699
STRONG_BULL,"Disparity(d=-0.05,s=0.03,tg=0.1,h=3)",-0.012646022622830322,-0.10493691258817422,-0.28145014593405804,0.9376014216952766,454,0.3634361233480176,0.8712669493633021
STRONG_BULL,"Disparity(d=-0.05,s=0.03,tg=0.1,h=5)",0.003986640299072475,0.09026206543524096,-0.2048763089919734,1.0482004412620662,402,0.3383084577114428,1.0440238333034726
STRONG_BULL,"Disparity(d=-0.05,s=0.03,tg=0.1,h=7)",0.012427482539312917,0.1846292180097715,-0.20409471887876107,1.1024755444296728,381,0.3359580052493438,1.1430932468224166
STRONG_BULL,"Disparity(d=-0.05,s=0.05,tg=0.05,h=3)",-0.04199264179008233,-0.435860623859712,-0.40656811784316294,0.7705173721999513,436,0.4724770642201835,0.6284317632693873
STRONG_BULL,"Disparity(d=-0.05,s=0.05,tg=0.05,h=5)",-0.041970230570349765,-0.4269707436980257,-0.38838550661611626,0.7649007127179975,392,0.461734693877551,0.6285909698321994
STRONG_BULL,"Disparity(d=-0.05,s=0.05,tg=0.05,h=7)",-0.03755030032462414,-0.3780366035471393,-0.3971007875221346,0.7923793290681429,378,0.47619047619047616,0.6607149129386073
STRONG_BULL,"Disparity(d=-0.05,s=0.05,tg=0.07,h=3)",-0.014146533598324629,-0.10562828469696706,-0.30970545360928226,0.9283121014952904,414,0.463768115942029,0.8570360337776985
STRONG_BULL,"Disparity(d=-0.05,s=0.05,tg=0.07,h=5)",-0.02785034631950223,-0.25724965090248597,-0.37304278824103476,0.8503374355874139,372,0.4112903225806452,0.736498445307558
STRONG_BULL,"Disparity(d=-0.05,s=0.05,tg=0.07,h=7)",-0.02659577312318606,-0.2384478491028442,-0.3858267370396865,0.8697585783056208,350,0.4228571428571429,0.7468557528613808
STRONG_BULL,"Disparity(d=-0.05,s=0.05,tg=0.1,h=3)",-0.026889891000795196,-0.23507278122070333,-0.387379380993528,0.8607807039868677,402,0.43034825870646765,0.7444158280833296
STRONG_BULL,"Disparity(d=-0.05,s=0.05,tg=0.1,h=5)",-0.019120310018852615,-0.14118230085122932,-0.348494425936104,0.9045703009241126,344,0.4011627906976744,0.8113599760724106
STRONG_BULL,"Disparity(d=-0.05,s=0.05,tg=0.1,h=7)",-0.021226526517726718,-0.16925572252592014,-0.3483006506878088,0.9006328165973413,312,0.3782051282051282,0.7926927723649828
STRONG_BULL,"Disparity(d=-0.07,s=0.03,tg=0.05,h=3)",-0.010541575030790451,-0.1535067939413645,-0.22289304417779443,0.8893991196278024,253,0.40711462450592883,0.8915870660953619
STRONG_BULL,"Disparity(d=-0.07,s=0.03,tg=0.05,h=5)",-0.005147735285752186,-0.05868104264728835,-0.2015008823230725,0.9466005165732132,249,0.41767068273092367,0.9456481912196559
STRONG_BULL,"Disparity(d=-0.07,s=0.03,tg=0.05,h=7)",-0.008174970179192331,-0.11009875798419887,-0.20921386546083043,0.9142547161865824,248,0.4112903225806452,0.9149516834010383
STRONG_BULL,"Disparity(d=-0.07,s=0.03,tg=0.07,h=3)",-0.005816586770411525,-0.05568803730133962,-0.2215882566220101,0.9467574879864982,242,0.3677685950413223,0.9387866353431527
STRONG_BULL,"Disparity(d=-0.07,s=0.03,tg=0.07,h=5)",-0.00194793873264687,0.004319285399950586,-0.22134912806693174,0.9934399490996546,236,0.3601694915254237,0.9791080838472588
STRONG_BULL,"Disparity(d=-0.07,s=0.03,tg=0.07,h=7)",-0.002850563288767871,-0.008444351631850668,-0.22097875954150648,0.9850532421904185,236,0.3559322033898305,0.9695623002211925
STRONG_BULL,"Disparity(d=-0.07,s=0.03,tg=0.1,h=3)",-0.007122017459212371,-0.07190269739769753,-0.21379745039429043,0.9473072306205242,239,0.3472803347280335,0.9255246070382666
STRONG_BULL,"Disparity(d=-0.07,s=0.03,tg=0.1,h=5)",0.008270713281719688,0.15288652430230304,-0.19531040650849907,1.1154639978480363,227,0.3392070484581498,1.093286848281025
STRONG_BULL,"Disparity(d=-0.07,s=0.03,tg=0.1,h=7)",0.010296163042607276,0.1791757076527902,-0.20949003793911514,1.1489317556011371,219,0.3287671232876712,1.1173042526551562
STRONG_BULL,"Disparity(d=-0.07,s=0.05,tg=0.05,h=3)",-0.013978565406079002,-0.16951949546009973,-0.2755023958061219,0.8704815773868434,231,0.4805194805194805,0.8586184971684981
STRONG_BULL,"Disparity(d=-0.07,s=0.05,tg=0.05,h=5)",-0.014927918091421688,-0.18231898874125685,-0.2737303751813751,0.8642829965151331,221,0.502262443438914,0.8497091908105534
STRONG_BULL,"Disparity(d=-0.07,s=0.05,tg=0.05,h=7)",-0.01445978703482187,-0.17334742422541274,-0.3086555466939904,0.872598159882585,218,0.5,0.854091877912392
STRONG_BULL,"Disparity(d=-0.07,s=0.05,tg=0.07,h=3)",-0.005316631662240057,-0.036975155931115,-0.2334064660766919,0.9574505066445937,218,0.4541284403669725,0.9439112492442244
STRONG_BULL,"Disparity(d=-0.07,s=0.05,tg=0.07,h=5)",-0.009740779942833733,-0.09681313454887112,-0.25001525067668884,0.9159875461159203,205,0.44878048780487806,0.8994316838902868
STRONG_BULL,"Disparity(d=-0.07,s=0.05,tg=0.07,h=7)",-0.01025995550806269,-0.10504453122275288,-0.2739311093213096,0.9208142111084259,200,0.43,0.8943387132318912
STRONG_BULL,"Disparity(d=-0.07,s=0.05,tg=0.1,h=3)",-0.00785663319415153,-0.06331095795754957,-0.23379258845828,0.9337150617996247,213,0.431924882629108,0.9181365522210931
STRONG_BULL,"Disparity(d=-0.07,s=0.05,tg=0.1,h=5)",-0.01119536390997844,-0.09884799160482698,-0.2847493030669992,0.9064067036291438,193,0.40414507772020725,0.8852286302380735
STRONG_BULL,"Disparity(d=-0.07,s=0.05,tg=0.1,h=7)",-0.008717203462097922,-0.06773663884295171,-0.28699405332789385,0.9356238688155993,182,0.36813186813186816,0.9095498761056628
STRONG_BULL,"Disparity(d=-0.1,s=0.03,tg=0.05,h=3)",-0.005091880240984947,-0.13457544537705848,-0.07825446867212371,0.8286729261833684,84,0.39285714285714285,0.9462232463664465
STRONG_BULL,"Disparity(d=-0.1,s=0.03,tg=0.05,h=5)",-0.0049548619441806,-0.13210299531525746,-0.07524066704166166,0.8306707058655128,82,0.3902439024390244,0.9476352616651391
STRONG_BULL,"Disparity(d=-0.1,s=0.03,tg=0.05,h=7)",-0.004470236535759398,-0.11537844620341403,-0.07101444797515621,0.8505317041544629,82,0.3902439024390244,0.9526448327201871
STRONG_BULL,"Disparity(d=-0.1,s=0.03,tg=0.07,h=3)",-0.0016199470404202332,-0.02714177528843434,-0.07016653407405204,0.9537630506151963,83,0.3493975903614458,0.9825978635634096
STRONG_BULL,"Disparity(d=-0.1,s=0.03,tg=0.07,h=5)",-0.00046417852029656537,0.005057044015676489,-0.07431886686118383,0.9924128861845601,82,0.35365853658536583,0.994985231465229
STRONG_BULL,"Disparity(d=-0.1,s=0.03,tg=0.07,h=7)",-2.21577667930406e-05,0.017574658070886456,-0.07480894591437526,1.0020702608201915,82,0.35365853658536583,0.9997600973956959
STRONG_BULL,"Disparity(d=-0.1,s=0.03,tg=0.1,h=3)",0.0037159302743470235,0.11518807871931842,-0.08073155455466641,1.1255035174271724,83,0.3493975903614458,1.0409796716558468
STRONG_BULL,"Disparity(d=-0.1,s=0.03,tg=0.1,h=5)",0.006398578205847993,0.1785074871960842,-0.08089306149081088,1.2102823666674105,82,0.34146341463414637,1.0715051707988557
STRONG_BULL,"Disparity(d=-0.1,s=0.03,tg=0.1,h=7)",0.0063912740369449494,0.17399194536650733,-0.11021342000167667,1.2018975277601291,82,0.3170731707317073,1.0714209661948033
STRONG_BULL,"Disparity(d=-0.1,s=0.05,tg=0.05,h=3)",-0.005643567202771815,-0.11974549943557825,-0.09579281660602168,0.8386966117543743,80,0.4875,0.940557246983739
STRONG_BULL,"Disparity(d=-0.1,s=0.05,tg=0.05,h=5)",-0.0064152320064468915,-0.14245538699722743,-0.08979940012805099,0.822224344275755,77,0.4935064935064935,0.9326836620162249
STRONG_BULL,"Disparity(d=-0.1,s=0.05,tg=0.05,h=7)",-0.005260738542423038,-0.112055371845955,-0.0881539204259485,0.8501425709381976,77,0.5064935064935064,0.9444857370919741
STRONG_BULL,"Disparity(d=-0.1,s=0.05,tg=0.07,h=3)",-0.006223983893734908,-0.14127501461173955,-0.10602820461220097,0.841038366258041,77,0.4155844155844156,0.9346294418346207
STRONG_BULL,"Disparity(d=-0.1,s=0.05,tg=0.07,h=5)",-0.0007830298244848599,0.0013998701430037955,-0.08446423028139738,0.9809197208556919,74,0.4594594594594595,0.9915537469754884
STRONG_BULL,"Disparity(d=-0.1,s=0.05,tg=0.07,h=7)",-0.0012174277902743391,-0.009141636092293596,-0.09725033138385863,0.9696389092188505,74,0.4594594594594595,0.9868960321284125
STRONG_BULL,"Disparity(d=-0.1,s=0.05,tg=0.1,h=3)",-0.004721226566988257,-0.09302578080429119,-0.11090356537247059,0.8854114440367028,76,0.39473684210526316,0.9500473569240777
STRONG_BULL,"Disparity(d=-0.1,s=0.05,tg=0.1,h=5)",0.0006349343410736452,0.03677358254186499,-0.10334131601450813,1.031275770669745,73,0.4246575342465753,1.006896687586494
STRONG_BULL,"Disparity(d=-0.1,s=0.05,tg=0.1,h=7)",0.000699426283864435,0.03861334935706709,-0.13562965134192684,1.0330179558358688,72,0.4027777777777778,1.0075996118393877
STRONG_BULL,"NH52(v=1.2,s=0.05,tg=0.15,h=7)",-0.013747831484656303,-0.027623862699463302,-0.3809965596056337,0.9799846157941248,459,0.35294117647058826,0.8607966134278707
STRONG_BULL,"NH52(v=1.2,s=0.05,tg=0.15,h=10)",-0.04451316915109238,-0.26829032507230344,-0.4749888459895767,0.8570089042873937,405,0.3037037037037037,0.6107579953225724
STRONG_BULL,"NH52(v=1.2,s=0.05,tg=0.2,h=7)",-0.029458068091363754,-0.14575846041478943,-0.4383289433489467,0.9134520638221312,432,0.3333333333333333,0.7234162911046097
STRONG_BULL,"NH52(v=1.2,s=0.05,tg=0.2,h=10)",-0.04960906866329262,-0.3157919062793027,-0.5015701139830745,0.8219479871170525,382,0.2879581151832461,0.5763967326866009
STRONG_BULL,"NH52(v=1.2,s=0.07,tg=0.15,h=7)",-0.015599911915861853,-0.04624666964807706,-0.35238690576197795,0.9735559312279893,393,0.40458015267175573,0.843453598271709
STRONG_BULL,"NH52(v=1.2,s=0.07,tg=0.15,h=10)",-0.012704513226701741,-0.033659205583302924,-0.3708130178490232,0.9872233809397832,340,0.38235294117647056,0.8707082292518019
STRONG_BULL,"NH52(v=1.2,s=0.07,tg=0.2,h=7)",-0.024725201237842054,-0.11727354323737202,-0.4159215269608182,0.9245023732031425,369,0.3956639566395664,0.7625441716016842
STRONG_BULL,"NH52(v=1.2,s=0.07,tg=0.2,h=10)",-0.05032378699425366,-0.3524377199489821,-0.5161391137214848,0.8266094872324402,323,0.34365325077399383,0.5717203930075748
STRONG_BULL,"NH52(v=1.5,s=0.05,tg=0.15,h=7)",-0.021967293516344855,-0.10393060900359503,-0.47017808655781546,0.9408228128646666,431,0.3433874709976798,0.7862206609315844
STRONG_BULL,"NH52(v=1.5,s=0.05,tg=0.15,h=10)",-0.041598882168711215,-0.264652539778114,-0.5106596447786096,0.8566566900178471,385,0.3116883116883117,0.631234317878754
STRONG_BULL,"NH52(v=1.5,s=0.05,tg=0.2,h=7)",-0.0023613786863572184,0.04945550386886958,-0.34499830406541243,1.0151059816691568,410,0.34146341463414637,0.9747251768721944
STRONG_BULL,"NH52(v=1.5,s=0.05,tg=0.2,h=10)",-0.02019415749900444,-0.09290029934398128,-0.4923745701612595,0.9381374033874104,356,0.31741573033707865,0.8017932903918633
STRONG_BULL,"NH52(v=1.5,s=0.07,tg=0.15,h=7)",-0.005726414863806983,0.01973602961508231,-0.3601015183918095,1.0068257066009143,372,0.41397849462365593,0.939709039979456
STRONG_BULL,"NH52(v=1.5,s=0.07,tg=0.15,h=10)",-0.01916053677437568,-0.09354115415758643,-0.4620062560213273,0.9551810392196675,318,0.39308176100628933,0.8109997446564112
STRONG_BULL,"NH52(v=1.5,s=0.07,tg=0.2,h=7)",0.007756353346229261,0.1266646733834674,-0.375804726993447,1.0615343936487949,352,0.4034090909090909,1.087262751891084
STRONG_BULL,"NH52(v=1.5,s=0.07,tg=0.2,h=10)",-0.0017533156789965032,0.049528051117224865,-0.40322973391496064,1.0268042088545566,300,0.38666666666666666,0.9811774826525569
WEAK,"Momentum5(r=0.05,s=0.03,t=0.1,h=3)",-0.13764000323588998,-0.6633363700895363,-0.800747415558794,0.8438932389912476,2307,0.32683138274815776,0.20119784805042978
WEAK,"Momentum5(r=0.05,s=0.03,t=0.1,h=5)",-0.08525893842870191,-0.3570374264286927,-0.646854845134796,0.9048606503956617,1958,0.30081716036772216,0.3810034409378879
WEAK,"Momentum5(r=0.05,s=0.03,t=0.1,h=7)",-0.07760010575072862,-0.3269976768696274,-0.6144081489649826,0.9078423553064002,1767,0.288058856819468,0.41700241301037844
WEAK,"Momentum5(r=0.05,s=0.03,t=0.15,h=3)",-0.08480751711223566,-0.3295742474606238,-0.6208878957438181,0.9104297339974952,2219,0.32086525461919785,0.38304434460084336
WEAK,"Momentum5(r=0.05,s=0.03,t=0.15,h=5)",-0.06721814915836133,-0.24431433584433582,-0.6028118308284136,0.9194051145351946,1808,0.2771017699115044,0.4707309425631039
WEAK,"Momentum5(r=0.05,s=0.03,t=0.15,h=7)",-0.03746073709383302,-0.08773706591679194,-0.5068389093581811,0.9594129872569056,1573,0.2644628099173554,0.6613809841940975
WEAK,"Momentum5(r=0.05,s=0.05,t=0.1,h=3)",-0.16489676005624576,-0.7661604500848996,-0.8588935002352244,0.8135042727461814,1997,0.385578367551327,0.14209765290303014
WEAK,"Momentum5(r=0.05,s=0.05,t=0.1,h=5)",-0.10546398715049965,-0.4637292769764962,-0.7345233104610973,0.8816895783625736,1572,0.3880407124681934,0.2991518016597299
WEAK,"Momentum5(r=0.05,s=0.05,t=0.1,h=7)",-0.07169766219590024,-0.2803632853704292,-0.5731463781272845,0.9126910176836315,1368,0.38084795321637427,0.44682230411812607
WEAK,"Momentum5(r=0.05,s=0.05,t=0.15,h=3)",-0.11757235626823892,-0.5263920248717565,-0.7566512301591028,0.8738753082890992,1921,0.37896928682977615,0.2581086085040014
WEAK,"Momentum5(r=0.05,s=0.05,t=0.15,h=5)",-0.05468357788863587,-0.18390433780517576,-0.5418223474247916,0.948178786119868,1457,0.37542896362388467,0.5439325743460887
WEAK,"Momentum5(r=0.05,s=0.05,t=0.15,h=7)",-0.03952627896196492,-0.1027769622393943,-0.4381162294201073,0.9601842112603135,1218,0.3522167487684729,0.6461738096375912
WEAK,"Momentum5(r=0.1,s=0.03,t=0.1,h=3)",-0.048465200952452325,-0.18562098521813167,-0.44560942309262397,0.9380393285651577,1663,0.3199037883343355,0.5839532454716303
WEAK,"Momentum5(r=0.1,s=0.03,t=0.1,h=5)",-0.02929916208359251,-0.06877764325553935,-0.4892903334548613,0.9709629526617444,1534,0.303129074315515,0.7246998624528302
WEAK,"Momentum5(r=0.1,s=0.03,t=0.1,h=7)",-0.003904680627009771,0.07107851397704867,-0.4563917079981925,1.011054301996461,1446,0.30013831258644535,0.958521367613956
WEAK,"Momentum5(r=0.1,s=0.03,t=0.15,h=3)",-0.006337505768262308,0.06038711902221633,-0.3412459415645396,1.0053049221667267,1586,0.3108448928121059,0.933474013575914
WEAK,"Momentum5(r=0.1,s=0.03,t=0.15,h=5)",0.005014954403202321,0.12129976365102453,-0.3968521730750858,1.025833245536642,1413,0.28591648973814576,1.055661113735679
WEAK,"Momentum5(r=0.1,s=0.03,t=0.15,h=7)",0.06104495354781103,0.407813775813297,-0.2876538352205992,1.12273901254285,1291,0.28350116189000774,1.8995492497189421
WEAK,"Momentum5(r=0.1,s=0.05,t=0.1,h=3)",-0.10273182993532426,-0.49598422342346066,-0.705778405936492,0.8656638021343706,1508,0.3912466843501326,0.30919526964319727
WEAK,"Momentum5(r=0.1,s=0.05,t=0.1,h=5)",-0.08295378334497239,-0.3845631516456483,-0.6395438082203634,0.8956605515690875,1320,0.38484848484848483,0.3915296456726357
WEAK,"Momentum5(r=0.1,s=0.05,t=0.1,h=7)",-0.055937160540991515,-0.21158666179218197,-0.491919351622887,0.9317024346889475,1224,0.38235294117647056,0.5361728049808463
WEAK,"Momentum5(r=0.1,s=0.05,t=0.15,h=3)",-0.0623707567509848,-0.2555072500665523,-0.5312210431093869,0.9326026034385967,1439,0.38290479499652535,0.49790631667178803
WEAK,"Momentum5(r=0.1,s=0.05,t=0.15,h=5)",-0.039732533813131354,-0.12924031667497385,-0.4213970926198972,0.9596117497546518,1212,0.3655115511551155,0.6446728602405327
WEAK,"Momentum5(r=0.1,s=0.05,t=0.15,h=7)",0.014617417315377246,0.17284763007011775,-0.3105356525858859,1.0444433588971118,1083,0.36472760849492153,1.1701531556274782
WEAK,"RSI2(t=5,s=0.03,tg=0.05,h=3)",-0.06574223634859178,-0.4287709648361019,-0.5225656918020087,0.8919747056966701,2092,0.44120458891013387,0.47885904263450996
WEAK,"RSI2(t=5,s=0.03,tg=0.05,h=5)",-0.08837603316893416,-0.6557143226209047,-0.6397495747790887,0.8429633946592376,1645,0.4066869300911854,0.3671780748345639
WEAK,"RSI2(t=5,s=0.03,tg=0.05,h=7)",-0.06255315225314739,-0.4543735432690327,-0.5140784225828081,0.8775218312757921,1462,0.40902872777017785,0.49685853266995744
WEAK,"RSI2(t=5,s=0.03,tg=0.07,h=3)",-0.0683673290054776,-0.4380617129809178,-0.5360864466549042,0.8903491483661501,1956,0.40950920245398775,0.46448915155158893
WEAK,"RSI2(t=5,s=0.03,tg=0.07,h=5)",-0.05436944403915833,-0.36374132183028496,-0.5022675559739074,0.9009830900049296,1466,0.3772169167803547,0.545892990058802
WEAK,"RSI2(t=5,s=0.03,tg=0.07,h=7)",-0.048732902590671534,-0.3172147805832618,-0.4466478682928484,0.9033131804675822,1281,0.366120218579235,0.582176765335874
WEAK,"RSI2(t=5,s=0.03,tg=0.1,h=3)",-0.06663166717101443,-0.41333267189267797,-0.5260543174169007,0.8928630157932455,1886,0.40137857900318136,0.4739456825830993
WEAK,"RSI2(t=5,s=0.03,tg=0.1,h=5)",-0.0358280694539701,-0.20248069630532034,-0.376720794524667,0.9423534160460524,1380,0.36884057971014494,0.6736302558421878
WEAK,"RSI2(t=5,s=0.03,tg=0.1,h=7)",-0.03515837931543331,-0.19997039464256644,-0.40223198577270936,0.936242514040402,1157,0.3509075194468453,0.6787139581063365
WEAK,"RSI2(t=5,s=0.05,tg=0.05,h=3)",-0.05652576051902558,-0.34257183091610466,-0.5170579041735368,0.9033461682423507,1816,0.4906387665198238,0.5325641099041986
WEAK,"RSI2(t=5,s=0.05,tg=0.05,h=5)",-0.03578902041881027,-0.2087890387872114,-0.4978020128732067,0.936250611058497,1332,0.4984984984984985,0.6739257304110369
WEAK,"RSI2(t=5,s=0.05,tg=0.05,h=7)",-0.02858259898122395,-0.16691334253407628,-0.44709647321436896,0.9423714160325329,1117,0.5049239033124441,0.7305136541443629
WEAK,"RSI2(t=5,s=0.05,tg=0.07,h=3)",-0.06731478679155967,-0.42426673132415915,-0.5324629195352948,0.8842955156758906,1706,0.45545134818288396,0.47020313681500797
WEAK,"RSI2(t=5,s=0.05,tg=0.07,h=5)",-0.029851741083527172,-0.1578398853538773,-0.38697665966551176,0.9319283645152722,1192,0.4521812080536913,0.7202452609528106
WEAK,"RSI2(t=5,s=0.05,tg=0.07,h=7)",-0.006154454836429513,0.020201946113133126,-0.3381015145276718,0.9983152378762253,997,0.4704112337011033,0.9353377510167405
WEAK,"RSI2(t=5,s=0.05,tg=0.1,h=3)",-0.047581085911799326,-0.264789419111001,-0.43981785627086356,0.9109295191944845,1655,0.45317220543806647,0.5898552873877996
WEAK,"RSI2(t=5,s=0.05,tg=0.1,h=5)",-0.02821144562529776,-0.1451513638136664,-0.43650969023072417,0.9452836887567254,1125,0.43377777777777776,0.7335415970007989
WEAK,"RSI2(t=5,s=0.05,tg=0.1,h=7)",0.005173932961321626,0.1069179757125657,-0.3181004166380792,1.0331153682773355,903,0.44739756367663347,1.0574707214409862
WEAK,"RSI2(t=10,s=0.03,tg=0.05,h=3)",-0.07243877118038511,-0.4818828937831467,-0.5579567045776663,0.8858347454041383,2098,0.43994280266920877,0.4429747867112171
WEAK,"RSI2(t=10,s=0.03,tg=0.05,h=5)",-0.07989525546217602,-0.5791645066841156,-0.6064790118514523,0.8540728524058177,1647,0.40862173649058897,0.40590344159488334
WEAK,"RSI2(t=10,s=0.03,tg=0.05,h=7)",-0.06199207312210919,-0.4498073803253117,-0.5097425174380545,0.8756852082181679,1460,0.4089041095890411,0.5000880988398562
WEAK,"RSI2(t=10,s=0.03,tg=0.07,h=3)",-0.0680623811718658,-0.4341648229080107,-0.5364637597924933,0.8914319776949569,1957,0.4098109351047522,0.46613811625824625
WEAK,"RSI2(t=10,s=0.03,tg=0.07,h=5)",-0.05436917652302986,-0.3635285824992809,-0.5025167981927611,0.9020667269658588,1468,0.3773841961852861,0.5458946622766643
WEAK,"RSI2(t=10,s=0.03,tg=0.07,h=7)",-0.050416514966514336,-0.329041266552368,-0.46896540832813527,0.9063634259003357,1275,0.367843137254902,0.5711162124079712
WEAK,"RSI2(t=10,s=0.03,tg=0.1,h=3)",-0.06950738220176622,-0.4340016395177078,-0.5416287458178776,0.8863812185397388,1890,0.3994708994708995,0.45837125418212243
WEAK,"RSI2(t=10,s=0.03,tg=0.1,h=5)",-0.035103073404775476,-0.19670907181684602,-0.37382140978523226,0.9442875866847349,1381,0.36929761042722664,0.6791353448787322
WEAK,"RSI2(t=10,s=0.03,tg=0.1,h=7)",-0.03856669889544029,-0.22772957543815628,-0.42080376786907436,0.9292703234432275,1158,0.348013816925734,0.6531986192681571
WEAK,"RSI2(t=10,s=0.05,tg=0.05,h=3)",-0.05872107206685395,-0.3579552768801341,-0.5257178626032701,0.8951577695911275,1817,0.4887176664832141,0.5192982916190799
WEAK,"RSI2(t=10,s=0.05,tg=0.05,h=5)",-0.033875723694622994,-0.19285444507829275,-0.49016403491328064,0.9444948788074194,1333,0.5011252813203301,0.6885480907537533
WEAK,"RSI2(t=10,s=0.05,tg=0.05,h=7)",-0.027326080259489904,-0.15648007228126412,-0.4337411252267338,0.9487787597189997,1119,0.5058087578194816,0.7408106358328485
WEAK,"RSI2(t=10,s=0.05,tg=0.07,h=3)",-0.06344264188400428,-0.39117388358359284,-0.512604902825674,0.8853649450585381,1708,0.45491803278688525,0.49177741563400795
WEAK,"RSI2(t=10,s=0.05,tg=0.07,h=5)",-0.03291954330125413,-0.18188558722486398,-0.3960833993063474,0.9348579003468312,1194,0.4547738693467337,0.6959630811900599
WEAK,"RSI2(t=10,s=0.05,tg=0.07,h=7)",-0.0058199729347662155,0.022422847128417973,-0.3245412773835279,1.00401246934349,996,0.4708835341365462,0.9387520129237344
WEAK,"RSI2(t=10,s=0.05,tg=0.1,h=3)",-0.050211206361693184,-0.2838375159097892,-0.4541664093802571,0.9017196196672272,1660,0.4506024096385542,0.5724547057818101
WEAK,"RSI2(t=10,s=0.05,tg=0.1,h=5)",-0.028300954990942206,-0.14682664384801936,-0.46152223717014984,0.9506591819180655,1124,0.4403914590747331,0.7328103212968792
WEAK,"RSI2(t=10,s=0.05,tg=0.1,h=7)",0.003095190582746321,0.09129517528825325,-0.3195772684309318,1.0331063691768059,904,0.4469026548672566,1.0340297845429571
WEAK,"RSI2(t=15,s=0.03,tg=0.05,h=3)",-0.0705560314310757,-0.46661116235501937,-0.5484668465119835,0.8871147137571085,2100,0.439047619047619,0.4528085355089846
WEAK,"RSI2(t=15,s=0.03,tg=0.05,h=5)",-0.07860594578978031,-0.568616649412553,-0.6023634580411201,0.8586126436492025,1648,0.40898058252427183,0.412104867078961
WEAK,"RSI2(t=15,s=0.03,tg=0.05,h=7)",-0.06332577047604016,-0.46256165266889854,-0.5182646944078069,0.874179325124534,1462,0.40834473324213405,0.49244232901739954
WEAK,"RSI2(t=15,s=0.03,tg=0.07,h=3)",-0.0627114928431558,-0.39201807124526855,-0.5059308974655615,0.9029052597929674,1959,0.4119448698315467,0.4959505570715731
WEAK,"RSI2(t=15,s=0.03,tg=0.07,h=5)",-0.05435117097881059,-0.36688427099318766,-0.46735086045631347,0.9021273411381481,1467,0.3776414451261077,0.5460072239084125
WEAK,"RSI2(t=15,s=0.03,tg=0.07,h=7)",-0.04995401444618264,-0.3236706851537468,-0.4663206802818325,0.902627728324033,1279,0.36512900703674744,0.5741354655682189
WEAK,"RSI2(t=15,s=0.03,tg=0.1,h=3)",-0.06785792365901677,-0.42378940867907283,-0.5338952762046079,0.8862494576204886,1892,0.39957716701902746,0.4672466664835238
WEAK,"RSI2(t=15,s=0.03,tg=0.1,h=5)",-0.034495091236861675,-0.1919388759498343,-0.3938096124374061,0.9421643787485133,1380,0.3710144927536232,0.6837833614319646
WEAK,"RSI2(t=15,s=0.03,tg=0.1,h=7)",-0.03328832036725693,-0.18828043271804576,-0.3688520495024221,0.9391349164391709,1156,0.3477508650519031,0.6930947447409072
WEAK,"RSI2(t=15,s=0.05,tg=0.05,h=3)",-0.058456539888546266,-0.35551629116258926,-0.5243100862259538,0.8998622693406519,1823,0.48875479978058145,0.5208807532395138
WEAK,"RSI2(t=15,s=0.05,tg=0.05,h=5)",-0.03421688276936308,-0.19498923815221902,-0.5016423676826871,0.9458996761603444,1335,0.500374531835206,0.6859198751816467
WEAK,"RSI2(t=15,s=0.05,tg=0.05,h=7)",-0.02805251574130241,-0.16236978860432044,-0.47453068976797763,0.9426749179476307,1123,0.5040071237756011,0.7348416583699064
WEAK,"RSI2(t=15,s=0.05,tg=0.07,h=3)",-0.06322012879347383,-0.3896067684122756,-0.5268238044016686,0.8986707895741428,1709,0.4593329432416618,0.493044055451086
WEAK,"RSI2(t=15,s=0.05,tg=0.07,h=5)",-0.03217723680789841,-0.1746525619453911,-0.3901694415253181,0.9382930790938528,1194,0.45309882747068675,0.7017694131314218
WEAK,"RSI2(t=15,s=0.05,tg=0.07,h=7)",-0.007940227722757154,0.00679706824360828,-0.3456175969539369,0.9937089141693856,996,0.4678714859437751,0.9172992405385746
WEAK,"RSI2(t=15,s=0.05,tg=0.1,h=3)",-0.04764365779749802,-0.26151785070995537,-0.4397926849235785,0.9108062994569284,1658,0.45235223160434257,0.589435805932444
WEAK,"RSI2(t=15,s=0.05,tg=0.1,h=5)",-0.025547970025917688,-0.12395354303255661,-0.4483140230545747,0.9489853179413232,1125,0.4391111111111111,0.7556071607797918
WEAK,"RSI2(t=15,s=0.05,tg=0.1,h=7)",0.002928279357597985,0.08979726685812092,-0.32045482699330174,1.0367290867567607,903,0.44629014396456257,1.032168222050519
WEAK,"Disparity(d=-0.05,s=0.03,tg=0.05,h=3)",-0.011515964373466914,-0.054478753310593514,-0.32967191985404865,0.9680635259821994,807,0.4275092936802974,0.8821256892649244
WEAK,"Disparity(d=-0.05,s=0.03,tg=0.05,h=5)",-0.008755521912876207,-0.02405443564605857,-0.308560728719417,0.9801918074928486,782,0.4322250639386189,0.9091692394054967
WEAK,"Disparity(d=-0.05,s=0.03,tg=0.05,h=7)",-0.015587124375864403,-0.0863223735382428,-0.31852957397555814,0.9576523893709833,773,0.4191461836998706,0.8435722463048436
WEAK,"Disparity(d=-0.05,s=0.03,tg=0.07,h=3)",-0.00037912038097986933,0.052087571555670176,-0.31226439067322276,1.010288705942763,781,0.3879641485275288,0.9959024483330704
WEAK,"Disparity(d=-0.05,s=0.03,tg=0.07,h=5)",-0.010578882007715396,-0.03664118901846616,-0.33052279229031845,0.97770377972076,725,0.36551724137931035,0.8912231241898332
WEAK,"Disparity(d=-0.05,s=0.03,tg=0.07,h=7)",-0.022779897283824346,-0.14673213532527082,-0.33674505580444136,0.9378966731899996,711,0.34458509142053445,0.779176103706853
WEAK,"Disparity(d=-0.05,s=0.03,tg=0.1,h=3)",-0.004838093789080289,0.01266343767468244,-0.3247118399618999,0.9987613038982146,760,0.3592105263157895,0.9488401021998024
WEAK,"Disparity(d=-0.05,s=0.03,tg=0.1,h=5)",-0.0074541326938339925,-0.006850545120888064,-0.32822308231772357,0.9929755343559724,687,0.32751091703056767,0.9221778561035284
WEAK,"Disparity(d=-0.05,s=0.03,tg=0.1,h=7)",-0.01634153445077824,-0.08914625095905239,-0.3544782489772461,0.9619542292395241,657,0.3059360730593607,0.8365983767477229
WEAK,"Disparity(d=-0.05,s=0.05,tg=0.05,h=3)",-0.03097473226499925,-0.2095601505007739,-0.4078169643183105,0.9040377402482617,745,0.4966442953020134,0.7112687843099462
WEAK,"Disparity(d=-0.05,s=0.05,tg=0.05,h=5)",-0.025637227470912904,-0.1595436093072986,-0.37500955045388007,0.9279895453505723,690,0.508695652173913,0.7548580589830339
WEAK,"Disparity(d=-0.05,s=0.05,tg=0.05,h=7)",-0.024678948517432797,-0.14961594682232415,-0.3477504814681165,0.9352561024980733,677,0.5214180206794683,0.762935852835601
WEAK,"Disparity(d=-0.05,s=0.05,tg=0.07,h=3)",-0.026095560951054808,-0.16098840317866098,-0.38199326641253517,0.9258163717623541,722,0.44598337950138506,0.7510220572767525
WEAK,"Disparity(d=-0.05,s=0.05,tg=0.07,h=5)",-0.02497605961953797,-0.135720779551239,-0.3821863061630255,0.9310224405075642,634,0.4400630914826498,0.7604230087844729
WEAK,"Disparity(d=-0.05,s=0.05,tg=0.07,h=7)",-0.02348074918184606,-0.12937988950115667,-0.348465311157261,0.9431469858266571,605,0.44958677685950416,0.7731464040309903
WEAK,"Disparity(d=-0.05,s=0.05,tg=0.1,h=3)",-0.01809982814299238,-0.09067551994130077,-0.39360051398126694,0.9561704052022192,697,0.4218077474892396,0.8205471269634538
WEAK,"Disparity(d=-0.05,s=0.05,tg=0.1,h=5)",-0.027033866280652186,-0.15911991279276735,-0.406208484285277,0.9259455912606949,602,0.40365448504983387,0.7432240865534809
WEAK,"Disparity(d=-0.05,s=0.05,tg=0.1,h=7)",-0.027391647923859508,-0.16145332906204468,-0.40302059100162047,0.930255602965932,559,0.3953488372093023,0.7402700781358799
WEAK,"Disparity(d=-0.07,s=0.03,tg=0.05,h=3)",0.016890739565787127,0.250091644417347,-0.13222319292121887,1.1507798400150027,390,0.4641025641025641,1.1988572996140934
WEAK,"Disparity(d=-0.07,s=0.03,tg=0.05,h=5)",0.01723104580910717,0.2524226602833031,-0.13342322025481124,1.1493740786013147,386,0.46113989637305697,1.2032087466550272
WEAK,"Disparity(d=-0.07,s=0.03,tg=0.05,h=7)",0.017448806082821733,0.25411879560388245,-0.13482497816791628,1.1488843276590004,386,0.46113989637305697,1.2060007324405315
WEAK,"Disparity(d=-0.07,s=0.03,tg=0.07,h=3)",0.018727062598920874,0.27198970423882557,-0.17246325512106897,1.1609787869975514,378,0.4074074074074074,1.2225086444309652
WEAK,"Disparity(d=-0.07,s=0.03,tg=0.07,h=5)",0.016659750860482436,0.24116382890851712,-0.17318976488148918,1.140397291405024,364,0.38461538461538464,1.1959118236653163
WEAK,"Disparity(d=-0.07,s=0.03,tg=0.07,h=7)",0.01317720524054411,0.202034693510533,-0.1581293239000482,1.110523845109698,360,0.375,1.1522925645417372
WEAK,"Disparity(d=-0.07,s=0.03,tg=0.1,h=3)",0.02734537598652742,0.3648845793346502,-0.20331006014818276,1.2286239841261037,369,0.38482384823848237,1.3392704442373533
WEAK,"Disparity(d=-0.07,s=0.03,tg=0.1,h=5)",0.02485320135845992,0.33160796533332526,-0.18194332388301115,1.2082524810830237,346,0.3468208092485549,1.3045075823801489
WEAK,"Disparity(d=-0.07,s=0.03,tg=0.1,h=7)",0.018251945447030904,0.25450879486828376,-0.17449132636690634,1.1508262884986824,341,0.3225806451612903,1.2163489955928113
WEAK,"Disparity(d=-0.07,s=0.05,tg=0.05,h=3)",-0.004918710555294692,-0.015678821658817604,-0.2247611012594143,0.9805059935079096,366,0.5218579234972678,0.9480081314733104
WEAK,"Disparity(d=-0.07,s=0.05,tg=0.05,h=5)",-0.004208889842715946,-0.006605097446219087,-0.24382489471240743,0.983143051694696,356,0.5252808988764045,0.9553563374917722
WEAK,"Disparity(d=-0.07,s=0.05,tg=0.05,h=7)",0.00019840878664134642,0.046060819160146045,-0.21429001074039766,1.0147578905193626,355,0.5408450704225352,1.002150505920892
WEAK,"Disparity(d=-0.07,s=0.05,tg=0.07,h=3)",-0.0018559720074080577,0.020454392709631068,-0.24346071753349685,1.0011440369566986,356,0.4691011235955056,0.9800854585410932
WEAK,"Disparity(d=-0.07,s=0.05,tg=0.07,h=5)",-0.0021393175563194644,0.018745818007861303,-0.2616810816504528,1.0012214074297374,335,0.4537313432835821,0.9770770442473627
WEAK,"Disparity(d=-0.07,s=0.05,tg=0.07,h=7)",0.0020174789432823026,0.06740057619820455,-0.24658703871382337,1.0299493407195095,328,0.4603658536585366,1.0220635360819734
WEAK,"Disparity(d=-0.07,s=0.05,tg=0.1,h=3)",0.013577647407603921,0.19744860942734457,-0.21436468837617983,1.105079479874603,350,0.4514285714285714,1.1572335897833261
WEAK,"Disparity(d=-0.07,s=0.05,tg=0.1,h=5)",-0.00483864119137023,-0.010846557473014252,-0.2734426820855129,0.9894497924225669,317,0.40063091482649843,0.9488344507355158
WEAK,"Disparity(d=-0.07,s=0.05,tg=0.1,h=7)",0.013571946152744818,0.19398113748628726,-0.19595915313708767,1.1058197005531087,307,0.41368078175895767,1.1571631077019147
WEAK,"Disparity(d=-0.1,s=0.03,tg=0.05,h=3)",0.0097363994134132,0.25713108951893127,-0.058350296372433164,1.2723321622158574,121,0.49586776859504134,1.1106192504874755
WEAK,"Disparity(d=-0.1,s=0.03,tg=0.05,h=5)",0.006471335503927866,0.17632953561430648,-0.06584307152092161,1.1775019655207513,120,0.4666666666666667,1.0723442662697054
WEAK,"Disparity(d=-0.1,s=0.03,tg=0.05,h=7)",0.0064999220773322985,0.17677669020358547,-0.06582944043960659,1.1771650131682083,120,0.4666666666666667,1.0726741127122192
WEAK,"Disparity(d=-0.1,s=0.03,tg=0.07,h=3)",0.008710624299542724,0.23003263476584443,-0.11385855219785213,1.2181555315314219,118,0.4152542372881356,1.0984630287886825
WEAK,"Disparity(d=-0.1,s=0.03,tg=0.07,h=5)",0.005255867254771562,0.14484202918461614,-0.13259668505295663,1.1211615377180062,117,0.36752136752136755,1.0584044552380316
WEAK,"Disparity(d=-0.1,s=0.03,tg=0.07,h=7)",0.0053160583191069755,0.14586991330891166,-0.13384432803260793,1.1224535823597093,117,0.36752136752136755,1.059090877118437
WEAK,"Disparity(d=-0.1,s=0.03,tg=0.1,h=3)",0.01336824692477978,0.34066796621623086,-0.14344860986780872,1.3268220731427507,116,0.3879310344827586,1.1546474196985033
WEAK,"Disparity(d=-0.1,s=0.03,tg=0.1,h=5)",0.010750115733068055,0.2674988378292426,-0.1590608486079289,1.2435524049517621,114,0.3333333333333333,1.122752398841329
WEAK,"Disparity(d=-0.1,s=0.03,tg=0.1,h=7)",0.009201433567049166,0.22938380306639972,-0.14861949444171785,1.1989011842031463,113,0.30973451327433627,1.1042643449667442
WEAK,"Disparity(d=-0.1,s=0.05,tg=0.05,h=3)",0.007612399419727023,0.19384463207712346,-0.11530199908857186,1.1916650775650468,115,0.5652173913043478,1.0855821923350721
WEAK,"Disparity(d=-0.1,s=0.05,tg=0.05,h=5)",0.003207280060430584,0.09424016978349335,-0.11591775674323135,1.0745357669396205,113,0.5575221238938053,1.035281629376818
WEAK,"Disparity(d=-0.1,s=0.05,tg=0.05,h=7)",0.0019700115719261113,0.0668972222844643,-0.12038660261249634,1.0459955669816676,112,0.5535714285714286,1.0215393892739772
WEAK,"Disparity(d=-0.1,s=0.05,tg=0.07,h=3)",0.010487819580141,0.2542222484362,-0.1079564596098197,1.2376121076669482,110,0.4909090909090909,1.1196014988724332
WEAK,"Disparity(d=-0.1,s=0.05,tg=0.07,h=5)",0.00525284656242353,0.1357778494632234,-0.12544928365345465,1.1169228286140065,108,0.49074074074074076,1.0583700177560929
WEAK,"Disparity(d=-0.1,s=0.05,tg=0.07,h=7)",0.0014843336605283586,0.05563940007987972,-0.14961789281791593,1.0383821912480038,105,0.4666666666666667,1.0161904117479175
WEAK,"Disparity(d=-0.1,s=0.05,tg=0.1,h=3)",0.013013344399833926,0.3015154566457073,-0.14835344620107438,1.2964086176979919,107,0.45794392523364486,1.1502762250318534
WEAK,"Disparity(d=-0.1,s=0.05,tg=0.1,h=5)",0.010230844266852834,0.23164715920935305,-0.1600363843903887,1.2100786439380946,105,0.45714285714285713,1.1165223024974482
WEAK,"Disparity(d=-0.1,s=0.05,tg=0.1,h=7)",0.0022978067342129815,0.0724285742370001,-0.18597184141450684,1.0536806562975252,99,0.3838383838383838,1.0251639677033773
WEAK,"NH52(v=1.2,s=0.05,tg=0.15,h=7)",0.05721177747393913,0.41488476952108855,-0.3351193488828722,1.148072909474683,875,0.38971428571428574,1.826547138728062
WEAK,"NH52(v=1.2,s=0.05,tg=0.15,h=10)",0.09323389986271091,0.6338074714279306,-0.19926108675082999,1.2334131842304619,761,0.3915900131406045,2.6253854724705987
WEAK,"NH52(v=1.2,s=0.05,tg=0.2,h=7)",0.07577543531172859,0.5098731490447733,-0.19814474122731174,1.1936391381603955,836,0.37799043062200954,2.2054035841495967
WEAK,"NH52(v=1.2,s=0.05,tg=0.2,h=10)",0.09068083452335651,0.5894209835217324,-0.2000150627420293,1.247143311943784,732,0.3756830601092896,2.5597528343074734
WEAK,"NH52(v=1.2,s=0.07,tg=0.15,h=7)",0.04723408751761582,0.3575054490245845,-0.25300062114340616,1.1285636755021213,779,0.4326059050064185,1.6483064133515803
WEAK,"NH52(v=1.2,s=0.07,tg=0.15,h=10)",0.0687633182521803,0.4796397494604049,-0.2886257759449633,1.1967606768432504,660,0.453030303030303,2.0546369020173607
WEAK,"NH52(v=1.2,s=0.07,tg=0.2,h=7)",0.0603562619480833,0.4228812713818055,-0.21007818837004022,1.1720685689158319,738,0.4186991869918699,1.886241242182052
WEAK,"NH52(v=1.2,s=0.07,tg=0.2,h=10)",0.11245490214237264,0.7172144793307916,-0.22330648055370927,1.3155507642543602,624,0.45032051282051283,3.1707005672223754
WEAK,"NH52(v=1.5,s=0.05,tg=0.15,h=7)",0.0291195566631941,0.2631109094152774,-0.2301441497834088,1.0884763632980663,782,0.3887468030690537,1.364528191826537
WEAK,"NH52(v=1.5,s=0.05,tg=0.15,h=10)",0.08480921956059939,0.5958712255676747,-0.17813141608094807,1.2355868797160017,694,0.3861671469740634,2.4144228315507212
WEAK,"NH52(v=1.5,s=0.05,tg=0.2,h=7)",0.042404707761101834,0.3404430382045132,-0.2391080804591278,1.1316530837187864,749,0.376502002670227,1.5678386096325778
WEAK,"NH52(v=1.5,s=0.05,tg=0.2,h=10)",0.07310066879406785,0.5058508143924585,-0.21269995690057486,1.2019949383713306,674,0.35756676557863504,2.146748087797354
WEAK,"NH52(v=1.5,s=0.07,tg=0.15,h=7)",0.03051091453893373,0.26564262933054417,-0.3259565467508193,1.0882718069505917,706,0.4405099150141643,1.384637589163454
WEAK,"NH52(v=1.5,s=0.07,tg=0.15,h=10)",0.06748472335941735,0.4840524573112155,-0.2867211916534912,1.1963072470668747,617,0.44246353322528365,2.0281768259246307
WEAK,"NH52(v=1.5,s=0.07,tg=0.2,h=7)",0.057647937498054524,0.4092485835913865,-0.1898273768449763,1.181381160950653,672,0.43452380952380953,1.834723341528226
WEAK,"NH52(v=1.5,s=0.07,tg=0.2,h=10)",0.08716967794768493,0.5960980273774478,-0.1816844910902421,1.2696198066933257,582,0.4329896907216495,2.471921957495194
BEAR,"Momentum5(r=0.05,s=0.03,t=0.1,h=3)",-0.12700775804476006,-0.44036096155427645,-0.8491115684981976,0.8935309852687053,3349,0.33711555688265155,0.22974636615701374
BEAR,"Momentum5(r=0.05,s=0.03,t=0.1,h=5)",-0.08065867171507035,-0.2300637204168881,-0.6988334810542133,0.9329676374840896,2806,0.3125445473984319,0.4022715480324238
BEAR,"Momentum5(r=0.05,s=0.03,t=0.1,h=7)",-0.08383505337700414,-0.2579132633354361,-0.7408934713555602,0.9289636260960744,2547,0.28975265017667845,0.3874746654154909
BEAR,"Momentum5(r=0.05,s=0.03,t=0.15,h=3)",-0.06964172336212193,-0.16308404369196852,-0.7881314000727897,0.9513925533297093,3199,0.3307283526101907,0.4576551739272101
BEAR,"Momentum5(r=0.05,s=0.03,t=0.15,h=5)",-0.021240688515482442,0.03747137710376245,-0.6593148157478599,0.9922471681352417,2597,0.29418559876780903,0.7925685863723991
BEAR,"Momentum5(r=0.05,s=0.03,t=0.15,h=7)",-0.049152447479341554,-0.08813143221256393,-0.6505274394719458,0.9627710349229046,2279,0.26327336551118913,0.5794025124645084
BEAR,"Momentum5(r=0.05,s=0.05,t=0.1,h=3)",-0.19179377390332597,-0.7713266959156219,-0.9192861938485444,0.8463226253167253,2812,0.4039829302987198,0.0996854581870445
BEAR,"Momentum5(r=0.05,s=0.05,t=0.1,h=5)",-0.1210468338830838,-0.4400120608786363,-0.7895128669893182,0.8950561730323915,2221,0.3939666816749212,0.2473146129165696
BEAR,"Momentum5(r=0.05,s=0.05,t=0.1,h=7)",-0.08679644696533206,-0.268330317001796,-0.7306580893922128,0.9263396567912685,1958,0.3825331971399387,0.37412610366911303
BEAR,"Momentum5(r=0.05,s=0.05,t=0.15,h=3)",-0.1223959974927531,-0.3925580264314169,-0.8418838723498696,0.9009699157839473,2741,0.39584093396570597,0.24323488220031825
BEAR,"Momentum5(r=0.05,s=0.05,t=0.15,h=5)",-0.08286132204387775,-0.23008167810868152,-0.7939587708608074,0.9299338469414451,2077,0.36880115551275877,0.3919573118252913
BEAR,"Momentum5(r=0.05,s=0.05,t=0.15,h=7)",-0.04781017203705995,-0.07881820376615041,-0.6976137940101643,0.9688153111639614,1762,0.3547105561861521,0.5883208144191382
BEAR,"Momentum5(r=0.1,s=0.03,t=0.1,h=3)",-0.0490129162871028,-0.1285613829259658,-0.5907482129499904,0.9578938026759214,2407,0.3323639385126714,0.5803238319321579
BEAR,"Momentum5(r=0.1,s=0.03,t=0.1,h=5)",-0.03821710012544344,-0.07800673627074653,-0.5152464654865585,0.9705679065735964,2182,0.307057745187901,0.6557751090503702
BEAR,"Momentum5(r=0.1,s=0.03,t=0.1,h=7)",-0.02893478865728971,-0.032542622000781216,-0.544092099178644,0.9806564971842657,2050,0.2917073170731707,0.727650915289157
BEAR,"Momentum5(r=0.1,s=0.03,t=0.15,h=3)",-0.0024021773135906033,0.10132196671085344,-0.6220485792549102,1.0155338872839892,2267,0.3242170269078077,0.9742936344760531
BEAR,"Momentum5(r=0.1,s=0.03,t=0.15,h=5)",0.009304685036865212,0.15466873108786144,-0.5797623528965867,1.0298121736741217,1999,0.28714357178589295,1.1054883016678387
BEAR,"Momentum5(r=0.1,s=0.03,t=0.15,h=7)",-0.016125453067211137,0.03974173455293455,-0.5674410321036731,1.0009383145800503,1831,0.2572364827962862,0.8385904952250294
BEAR,"Momentum5(r=0.1,s=0.05,t=0.1,h=3)",-0.07059498764522476,-0.22312685726872236,-0.6705342711807387,0.9406792400420759,2150,0.4116279069767442,0.4526030718818733
BEAR,"Momentum5(r=0.1,s=0.05,t=0.1,h=5)",-0.06329607672974646,-0.18589613869064403,-0.6197059192857415,0.9456665192995906,1862,0.3968850698174006,0.4926113947997203
BEAR,"Momentum5(r=0.1,s=0.05,t=0.1,h=7)",-0.09163120055814489,-0.3434994543828251,-0.748542774168824,0.9142211560604588,1688,0.3732227488151659,0.35322778174486613
BEAR,"Momentum5(r=0.1,s=0.05,t=0.15,h=3)",-0.05721093644383879,-0.1463162655645137,-0.7420141213810264,0.9568994248579993,2052,0.39473684210526316,0.5283910860646172
BEAR,"Momentum5(r=0.1,s=0.05,t=0.15,h=5)",-0.02504880631630091,0.0032794727972334102,-0.6943153385729603,0.990584634665652,1688,0.37144549763033174,0.7598088929629453
BEAR,"Momentum5(r=0.1,s=0.05,t=0.15,h=7)",0.018677067339497366,0.198581891633206,-0.6618377603685754,1.045503902733302,1500,0.356,1.221859151467219
BEAR,"RSI2(t=5,s=0.03,tg=0.05,h=3)",-0.15239985266761535,-0.7750343269228914,-0.8527998402525581,0.8320109322059198,3214,0.42159303049159924,0.16689297286113916
BEAR,"RSI2(t=5,s=0.03,tg=0.05,h=5)",-0.12204923522879141,-0.6248109231884974,-0.8324290705484828,0.8588240890439732,2648,0.4112537764350453,0.24427758076694842
BEAR,"RSI2(t=5,s=0.03,tg=0.05,h=7)",-0.1412264219453011,-0.7859719724456399,-0.8442537736726234,0.8298910793189606,2383,0.3990767939571968,0.19232027303121385
BEAR,"RSI2(t=5,s=0.03,tg=0.07,h=3)",-0.1213571716874986,-0.5793266838224301,-0.8228505543098099,0.8738168827448889,3052,0.4098951507208388,0.24637072246100633
BEAR,"RSI2(t=5,s=0.03,tg=0.07,h=5)",-0.11076936338545051,-0.5454685397382074,-0.8103247712201072,0.870794441381114,2363,0.3825645366060093,0.2804903453935255
BEAR,"RSI2(t=5,s=0.03,tg=0.07,h=7)",-0.16953745793537411,-0.9784446636348283,-0.8805366713675691,0.7640851548952623,1990,0.3336683417085427,0.1337769712937285
BEAR,"RSI2(t=5,s=0.03,tg=0.1,h=3)",-0.08956085457849161,-0.38239801845624793,-0.7680220825398321,0.9005531188961315,2946,0.4029192124915139,0.3620435745963876
BEAR,"RSI2(t=5,s=0.03,tg=0.1,h=5)",-0.11500427734928143,-0.5637153253195811,-0.8245798646075101,0.8535851069821029,2198,0.35987261146496813,0.2663596296752375
BEAR,"RSI2(t=5,s=0.03,tg=0.1,h=7)",-0.13712450720345137,-0.7563848967189852,-0.8297725993478149,0.8017177749684368,1852,0.31965442764578833,0.2025039961950345
BEAR,"RSI2(t=5,s=0.05,tg=0.05,h=3)",-0.17669704905058203,-0.9455210833979253,-0.8931431682718357,0.7964686749707899,2732,0.46888726207906295,0.12180447730068944
BEAR,"RSI2(t=5,s=0.05,tg=0.05,h=5)",-0.1376805362864919,-0.7406876842108336,-0.8469106755454263,0.8300520173564157,2118,0.48205854579792257,0.20109547162199712
BEAR,"RSI2(t=5,s=0.05,tg=0.05,h=7)",-0.1468675113873077,-0.7891887377255555,-0.8408365666387798,0.8025242080713801,1796,0.47939866369710465,0.1790740548824303
BEAR,"RSI2(t=5,s=0.05,tg=0.07,h=3)",-0.15662046839375987,-0.7860062785695505,-0.873391457684012,0.8192783225382059,2602,0.45196003074558033,0.15811128660426005
BEAR,"RSI2(t=5,s=0.05,tg=0.07,h=5)",-0.13139612885447893,-0.6676400739743996,-0.8470760371363155,0.8378434306429672,1902,0.4411146161934805,0.21754534570846149
BEAR,"RSI2(t=5,s=0.05,tg=0.07,h=7)",-0.14744510567551472,-0.7941818506607768,-0.8346436801390776,0.8054247555710282,1577,0.4273937856689918,0.1777656235791922
BEAR,"RSI2(t=5,s=0.05,tg=0.1,h=3)",-0.16323524529033417,-0.8081547969120204,-0.8865909463151108,0.8085055985298699,2511,0.4444444444444444,0.1451890686665881
BEAR,"RSI2(t=5,s=0.05,tg=0.1,h=5)",-0.1330669523826813,-0.6647619588963544,-0.8594912732034155,0.8473274600202936,1783,0.4262478968031408,0.21305671889058395
BEAR,"RSI2(t=5,s=0.05,tg=0.1,h=7)",-0.13483262663976425,-0.6986870436743131,-0.8407263373233875,0.808482814477357,1439,0.4079221681723419,0.2084047778774916
BEAR,"RSI2(t=10,s=0.03,tg=0.05,h=3)",-0.15379354814007784,-0.776614953782599,-0.8545112035272737,0.8302592904833158,3234,0.42145949288806434,0.16394539821498602
BEAR,"RSI2(t=10,s=0.03,tg=0.05,h=5)",-0.12314566871052823,-0.6276496158615439,-0.8371661319997191,0.8586145860792015,2670,0.41123595505617977,0.24099444868264325
BEAR,"RSI2(t=10,s=0.03,tg=0.05,h=7)",-0.14010332373107426,-0.7774395555035127,-0.8387599199940514,0.8296360728768244,2392,0.3988294314381271,0.19506129938316472
BEAR,"RSI2(t=10,s=0.03,tg=0.07,h=3)",-0.12409372716692435,-0.5845355041974515,-0.8278338486503245,0.8653440355918858,3072,0.4078776041666667,0.23818795085274153
BEAR,"RSI2(t=10,s=0.03,tg=0.07,h=5)",-0.11830334347396076,-0.593052872017659,-0.8301434752985325,0.8603486160174131,2366,0.3799661876584953,0.25580280534124705
BEAR,"RSI2(t=10,s=0.03,tg=0.07,h=7)",-0.1742582141939384,-1.0312718354952037,-0.8885313978473155,0.7577972653923093,1997,0.3314972458688032,0.12576883876366676
BEAR,"RSI2(t=10,s=0.03,tg=0.1,h=3)",-0.09298204055472548,-0.395325906617427,-0.7820842266753323,0.901704309492715,2959,0.40351470091247044,0.3475812550428191
BEAR,"RSI2(t=10,s=0.03,tg=0.1,h=5)",-0.1245480286332944,-0.6220964140103165,-0.845014498599696,0.8477431644293574,2206,0.3590208522212149,0.23685364338660053
BEAR,"RSI2(t=10,s=0.03,tg=0.1,h=7)",-0.14238093010742803,-0.7857710719216718,-0.8490217067028099,0.7909053401746893,1862,0.3147153598281418,0.18953907166385406
BEAR,"RSI2(t=10,s=0.05,tg=0.05,h=3)",-0.18446589810189473,-0.9942920659863226,-0.9015516732743488,0.7913911409183988,2749,0.4681702437249909,0.10992023303821716
BEAR,"RSI2(t=10,s=0.05,tg=0.05,h=5)",-0.14943050703089444,-0.8174616867565963,-0.8598373638895526,0.8206607525675732,2116,0.4792060491493384,0.17333397137995726
BEAR,"RSI2(t=10,s=0.05,tg=0.05,h=7)",-0.14079228970772772,-0.743637517809789,-0.8306447533718451,0.8165220425347623,1813,0.48317705460562604,0.1933756408175224
BEAR,"RSI2(t=10,s=0.05,tg=0.07,h=3)",-0.16739669911723398,-0.8467796556953857,-0.8839056149887659,0.8091487738876795,2617,0.45204432556362245,0.13755872825194665
BEAR,"RSI2(t=10,s=0.05,tg=0.07,h=5)",-0.12725569062531916,-0.6407141028501612,-0.8455052605584858,0.8431016066681706,1913,0.4406691061160481,0.2290408254041256
BEAR,"RSI2(t=10,s=0.05,tg=0.07,h=7)",-0.1405219332722526,-0.7419307813527604,-0.8284362094233201,0.818886794384566,1580,0.4310126582278481,0.19403552574718055
BEAR,"RSI2(t=10,s=0.05,tg=0.1,h=3)",-0.1630738982472374,-0.7930144510660007,-0.8847501487502878,0.8157005532178184,2523,0.4466904478795085,0.14549249926121108
BEAR,"RSI2(t=10,s=0.05,tg=0.1,h=5)",-0.12717405677225424,-0.6335244560422204,-0.8508496507183745,0.8490396702855026,1783,0.4251261918115536,0.22927291307251588
BEAR,"RSI2(t=10,s=0.05,tg=0.1,h=7)",-0.12497927791918395,-0.6328808234896687,-0.8247080841933885,0.824371986278222,1444,0.407202216066482,0.23559332186041776
BEAR,"RSI2(t=15,s=0.03,tg=0.05,h=3)",-0.15522334255769477,-0.7825669635822698,-0.8593437164140421,0.8312009692501229,3263,0.4213913576463377,0.1609706533309438
BEAR,"RSI2(t=15,s=0.03,tg=0.05,h=5)",-0.12562113485522564,-0.6335936189371085,-0.8527823629714841,0.85866790735115,2698,0.41178650852483323,0.23372877108115853
BEAR,"RSI2(t=15,s=0.03,tg=0.05,h=7)",-0.1408806491533906,-0.7753054427863482,-0.8491628526556155,0.828603531714336,2409,0.39809049398090496,0.19316041548719212
BEAR,"RSI2(t=15,s=0.03,tg=0.07,h=3)",-0.12687819895484154,-0.605417419512547,-0.836940315906975,0.866693115763573,3088,0.4096502590673575,0.23011583614712153
BEAR,"RSI2(t=15,s=0.03,tg=0.07,h=5)",-0.11564180237842958,-0.5740970138540676,-0.8246016685570768,0.8641490471978902,2386,0.3809723386420788,0.2642892791490746
BEAR,"RSI2(t=15,s=0.03,tg=0.07,h=7)",-0.17511012903468437,-1.0344764114094593,-0.8914497883236938,0.7596952495741641,2007,0.3328350772296961,0.12437092452358836
BEAR,"RSI2(t=15,s=0.03,tg=0.1,h=3)",-0.10388915853800518,-0.45884480886418094,-0.7999121222528349,0.8894499449711044,2980,0.4016778523489933,0.30490413114054976
BEAR,"RSI2(t=15,s=0.03,tg=0.1,h=5)",-0.13372478404592458,-0.679575642586241,-0.8602110644289993,0.8332965178691828,2219,0.3551149166291122,0.21131265698013202
BEAR,"RSI2(t=15,s=0.03,tg=0.1,h=7)",-0.14753597620512948,-0.8270251552972498,-0.8541581993295231,0.7887329453924099,1868,0.3163811563169165,0.177560565308573
BEAR,"RSI2(t=15,s=0.05,tg=0.05,h=3)",-0.16853672645108086,-0.8812029594763496,-0.882015818967123,0.804242954943812,2791,0.4711572912934432,0.13553290604076731
BEAR,"RSI2(t=15,s=0.05,tg=0.05,h=5)",-0.13488440055797424,-0.7253006856556773,-0.8467816609490537,0.836882611926192,2129,0.4823860967590418,0.20826977372583652
BEAR,"RSI2(t=15,s=0.05,tg=0.05,h=7)",-0.14097009104923497,-0.7489166125218898,-0.8309976049447515,0.8216016230207217,1827,0.48549534756431306,0.19294277498731988
BEAR,"RSI2(t=15,s=0.05,tg=0.07,h=3)",-0.15687800563701282,-0.7807847230980789,-0.8777349048195773,0.8226473813027072,2636,0.4533383915022762,0.1575892697536877
BEAR,"RSI2(t=15,s=0.05,tg=0.07,h=5)",-0.12878466035359792,-0.6443637801222518,-0.8456467416935055,0.8449128076279188,1921,0.4398750650702759,0.22473312644605514
BEAR,"RSI2(t=15,s=0.05,tg=0.07,h=7)",-0.11971297494742072,-0.6088043971413789,-0.808337415863633,0.8525006907942755,1589,0.44115796098174953,0.2514090226793296
BEAR,"RSI2(t=15,s=0.05,tg=0.1,h=3)",-0.1512508046166272,-0.7280215823744225,-0.887081776885407,0.8264649826927764,2547,0.44680015704750686,0.16935921981832422
BEAR,"RSI2(t=15,s=0.05,tg=0.1,h=5)",-0.12368688458274024,-0.6219734092736177,-0.8438973852829902,0.8509021054997119,1800,0.42388888888888887,0.23938865586662064
BEAR,"RSI2(t=15,s=0.05,tg=0.1,h=7)",-0.10950833018040274,-0.5472750414869938,-0.8105996732233618,0.8532599741368159,1459,0.4153529814941741,0.28482759947585234
BEAR,"Disparity(d=-0.05,s=0.03,tg=0.05,h=3)",-0.041841215075079985,-0.26752703198776545,-0.46032197702914646,0.9033046597467056,1172,0.4138225255972696,0.6295081923164694
BEAR,"Disparity(d=-0.05,s=0.03,tg=0.05,h=5)",-0.042812447357143624,-0.2793509051635136,-0.4478490287640111,0.9007361329581086,1126,0.40941385435168737,0.6226330601171889
BEAR,"Disparity(d=-0.05,s=0.03,tg=0.05,h=7)",-0.04778893095868331,-0.31868767799826925,-0.4544075254825305,0.8897603253151477,1116,0.3996415770609319,0.5884629396258522
BEAR,"Disparity(d=-0.05,s=0.03,tg=0.07,h=3)",-0.013980035251177969,-0.032020061519270136,-0.41551131194297375,0.9792311728543727,1122,0.38235294117647056,0.858604637956604
BEAR,"Disparity(d=-0.05,s=0.03,tg=0.07,h=5)",-0.008139095037896005,0.011393165138282908,-0.37807871058257025,0.9945559894911185,1061,0.36286522148916117,0.9153101017013027
BEAR,"Disparity(d=-0.05,s=0.03,tg=0.07,h=7)",-0.011987985301049386,-0.01596503431176649,-0.3683184101224164,0.9844769566017155,1039,0.34648700673724736,0.8775751857246937
BEAR,"Disparity(d=-0.05,s=0.03,tg=0.1,h=3)",0.005642679780080151,0.11354489111477163,-0.40367108693130604,1.0330637526809274,1095,0.3643835616438356,1.0628227348207724
BEAR,"Disparity(d=-0.05,s=0.03,tg=0.1,h=5)",0.01316526313742905,0.16435771128618973,-0.3789614447759575,1.045270339633734,1014,0.33136094674556216,1.1521455063320882
BEAR,"Disparity(d=-0.05,s=0.03,tg=0.1,h=7)",-0.004050847139945746,0.04990909164822387,-0.416159900365062,1.0053307233768074,969,0.2982456140350877,0.9569994473322919
BEAR,"Disparity(d=-0.05,s=0.05,tg=0.05,h=3)",-0.05937533801919748,-0.38942030229424507,-0.5493303116192773,0.8706390602073644,1071,0.4911297852474323,0.5154031233664434
BEAR,"Disparity(d=-0.05,s=0.05,tg=0.05,h=5)",-0.07788685778066828,-0.5245300019104888,-0.6292734025929272,0.8393740157479109,1003,0.4935194416749751,0.4156008303152927
BEAR,"Disparity(d=-0.05,s=0.05,tg=0.05,h=7)",-0.08798438012422238,-0.5966319477121177,-0.6515437178874152,0.8144632036290672,974,0.4815195071868583,0.368889807154776
BEAR,"Disparity(d=-0.05,s=0.05,tg=0.07,h=3)",-0.03707006974205995,-0.18951984317091125,-0.47124929811334837,0.9304109652756254,1028,0.45525291828793774,0.6642934645194736
BEAR,"Disparity(d=-0.05,s=0.05,tg=0.07,h=5)",-0.05318267314181724,-0.3002073123897403,-0.5315749534096705,0.9037486188647154,940,0.4351063829787234,0.5533572918547562
BEAR,"Disparity(d=-0.05,s=0.05,tg=0.07,h=7)",-0.05490444052497201,-0.3044311031386192,-0.5164783980703412,0.899508965351251,897,0.4214046822742475,0.5425580646335766
BEAR,"Disparity(d=-0.05,s=0.05,tg=0.1,h=3)",-0.02234550285094583,-0.06873755495198239,-0.4806067486057687,0.9719664772981715,1005,0.4338308457711443,0.7829347601570997
BEAR,"Disparity(d=-0.05,s=0.05,tg=0.1,h=5)",-0.020880792817921878,-0.05437395142233318,-0.47074493243548077,0.9788282676516975,891,0.40852974186307517,0.795729981300623
BEAR,"Disparity(d=-0.05,s=0.05,tg=0.1,h=7)",-0.015519229520477018,-0.0160821654916772,-0.433766229208877,0.9915878389390421,830,0.3891566265060241,0.844202456357635
BEAR,"Disparity(d=-0.07,s=0.03,tg=0.05,h=3)",-0.00685064586591233,-0.026427562049143295,-0.2947352440768365,0.9734255635122105,561,0.42780748663101603,0.928267419546644
BEAR,"Disparity(d=-0.07,s=0.03,tg=0.05,h=5)",-0.009877976152232404,-0.06125363092385318,-0.30826485956666216,0.9598710107940972,552,0.41847826086956524,0.8980832737702316
BEAR,"Disparity(d=-0.07,s=0.03,tg=0.05,h=7)",-0.01608678585825407,-0.12966501992159002,-0.3495997033408983,0.9278661015416347,548,0.40875912408759124,0.8389474335450402
BEAR,"Disparity(d=-0.07,s=0.03,tg=0.07,h=3)",-0.005540003573117014,-0.007714218756587813,-0.3486999729460184,0.9854045923222959,535,0.3794392523364486,0.9416185244919584
BEAR,"Disparity(d=-0.07,s=0.03,tg=0.07,h=5)",-0.007418379573806311,-0.0271548910433114,-0.37612848213151095,0.9751812761041466,522,0.3544061302681992,0.9225376147094524
BEAR,"Disparity(d=-0.07,s=0.03,tg=0.07,h=7)",-0.010584196529588197,-0.05846742253393468,-0.3857823962930924,0.9636971373145705,516,0.3391472868217054,0.8911712902441201
BEAR,"Disparity(d=-0.07,s=0.03,tg=0.1,h=3)",0.010203451263230745,0.15154812506889803,-0.3241018978192445,1.0705607765144567,523,0.35946462715105165,1.1161945207033224
BEAR,"Disparity(d=-0.07,s=0.03,tg=0.1,h=5)",0.003636030339076113,0.08849466555249196,-0.3432073468899175,1.0352175363154859,504,0.31547619047619047,1.0400827299041526
BEAR,"Disparity(d=-0.07,s=0.03,tg=0.1,h=7)",-0.002301986667568645,0.03405446598254141,-0.3561082566742443,1.0064619759857316,496,0.2903225806451613,0.9753536986602744
BEAR,"Disparity(d=-0.07,s=0.05,tg=0.05,h=3)",-0.02199380258589856,-0.17801339698554575,-0.3178573479909599,0.9114579359972382,528,0.5,0.7859899416040655
BEAR,"Disparity(d=-0.07,s=0.05,tg=0.05,h=5)",-0.03270452671374513,-0.2842337223156393,-0.40042972027986434,0.8719393467452449,509,0.49901768172888017,0.6976404415533235
BEAR,"Disparity(d=-0.07,s=0.05,tg=0.05,h=7)",-0.03582251972768047,-0.31675002570412836,-0.4164846931744236,0.8591813449618592,497,0.4969818913480885,0.6736722421043326
BEAR,"Disparity(d=-0.07,s=0.05,tg=0.07,h=3)",-0.026955483572465355,-0.21260104009452693,-0.4075768398780846,0.8987033284604136,501,0.4431137724550898,0.7438726769534681
BEAR,"Disparity(d=-0.07,s=0.05,tg=0.07,h=5)",-0.03501858895970711,-0.2795901818256921,-0.4658747980941872,0.874704788714403,478,0.4246861924686193,0.679779507173982
BEAR,"Disparity(d=-0.07,s=0.05,tg=0.07,h=7)",-0.04058390423113123,-0.32875890428476195,-0.48048176643619167,0.8559569650537274,466,0.41201716738197425,0.6385107330079145
BEAR,"Disparity(d=-0.07,s=0.05,tg=0.1,h=3)",-0.005738225274797282,0.005152356882611189,-0.3449691117764654,0.999684589780368,489,0.4212678936605317,0.9395881797465535
BEAR,"Disparity(d=-0.07,s=0.05,tg=0.1,h=5)",-0.021063213118586277,-0.12651681495152484,-0.4594104745229193,0.9391110140237763,461,0.38177874186550975,0.79412613775764
BEAR,"Disparity(d=-0.07,s=0.05,tg=0.1,h=7)",-0.02853865668627642,-0.1901593323887658,-0.48875849726614806,0.9123212471745679,445,0.3550561797752809,0.7308715510955305
BEAR,"Disparity(d=-0.1,s=0.03,tg=0.05,h=3)",0.0020584602484456926,0.06600228576248632,-0.1016730017396883,1.0434664864519683,187,0.44385026737967914,1.0225162584289895
BEAR,"Disparity(d=-0.1,s=0.03,tg=0.05,h=5)",0.0004433602023476979,0.03556516747419074,-0.10203526749249459,1.0197683234822241,187,0.43315508021390375,1.0048112661066129
BEAR,"Disparity(d=-0.1,s=0.03,tg=0.05,h=7)",0.0003731081462148289,0.03425357362576571,-0.10145879279313363,1.0169793936211895,187,0.42780748663101603,1.004047505183526
BEAR,"Disparity(d=-0.1,s=0.03,tg=0.07,h=3)",0.014211752969446545,0.2792634300464975,-0.09976341416500922,1.2264991740711946,186,0.41397849462365593,1.165097117033343
BEAR,"Disparity(d=-0.1,s=0.03,tg=0.07,h=5)",0.014929010672369847,0.28998613040354226,-0.1003040729368716,1.235705435464834,186,0.3978494623655914,1.1740502449280004
BEAR,"Disparity(d=-0.1,s=0.03,tg=0.07,h=7)",0.015673445038651312,0.302577716402694,-0.10003815507611769,1.2480501127005195,186,0.3924731182795699,1.1834086023570571
BEAR,"Disparity(d=-0.1,s=0.03,tg=0.1,h=3)",0.023442704503943368,0.4028759728865276,-0.08768188802944155,1.3554354822388672,182,0.3901098901098901,1.2851977696251662
BEAR,"Disparity(d=-0.1,s=0.03,tg=0.1,h=5)",0.019157461551186028,0.33074485412542703,-0.09141440251821298,1.2871716893738223,178,0.33707865168539325,1.2281129706446423
BEAR,"Disparity(d=-0.1,s=0.03,tg=0.1,h=7)",0.01590580272063935,0.27582041763665127,-0.09174506757480261,1.2272419259099216,178,0.3089887640449438,1.186343427387097
BEAR,"Disparity(d=-0.1,s=0.05,tg=0.05,h=3)",-0.004414469003722332,-0.05007086109895491,-0.13907774362934555,0.9477024038574623,180,0.5166666666666667,0.953222840935245
BEAR,"Disparity(d=-0.1,s=0.05,tg=0.05,h=5)",-0.009311799286140565,-0.13304832971036426,-0.18122351779077905,0.9001982119750106,179,0.5139664804469274,0.9036597130760549
BEAR,"Disparity(d=-0.1,s=0.05,tg=0.05,h=7)",-0.007515817764375932,-0.09918645768291665,-0.16732562199786205,0.9216669810973979,179,0.5139664804469274,0.9215574617990681
BEAR,"Disparity(d=-0.1,s=0.05,tg=0.07,h=3)",0.005263619431273181,0.11687549872009652,-0.1196216470032988,1.0833746336738137,179,0.48044692737430167,1.0584928387828898
BEAR,"Disparity(d=-0.1,s=0.05,tg=0.07,h=5)",0.004735797325027935,0.10710227466484275,-0.1223543104327457,1.0734058599824625,177,0.4745762711864407,1.05249034773532
BEAR,"Disparity(d=-0.1,s=0.05,tg=0.07,h=7)",0.007676934159280391,0.15122623542018995,-0.12262759234121867,1.1058483866990836,177,0.4745762711864407,1.0863352976697729
BEAR,"Disparity(d=-0.1,s=0.05,tg=0.1,h=3)",0.013486738104065976,0.23282155830203105,-0.1412399010520068,1.1863942951290498,173,0.45664739884393063,1.1561101826113738
BEAR,"Disparity(d=-0.1,s=0.05,tg=0.1,h=5)",0.010064272858286039,0.1784840253051648,-0.15340513366577835,1.1414613773334117,167,0.41317365269461076,1.1145304753971006
BEAR,"Disparity(d=-0.1,s=0.05,tg=0.1,h=7)",0.01005642947768437,0.17398637640091558,-0.16307622619200202,1.1390056809964682,167,0.38922155688622756,1.1144367654011584
BEAR,"NH52(v=1.2,s=0.05,tg=0.15,h=7)",0.0022498876799434964,0.09526942075061011,-0.4348934064254255,1.0221777214393772,789,0.37515842839036756,1.0246333777477397
BEAR,"NH52(v=1.2,s=0.05,tg=0.15,h=10)",0.019976675968888857,0.20432024194216852,-0.3537376363561958,1.052039570096633,726,0.35537190082644626,1.2388446336068077
BEAR,"NH52(v=1.2,s=0.05,tg=0.2,h=7)",0.006248809750066364,0.12069368912828997,-0.40184768656901704,1.042591360051721,760,0.3684210526315789,1.0697797966128513
BEAR,"NH52(v=1.2,s=0.05,tg=0.2,h=10)",0.01834268661005045,0.19315906266644067,-0.4055245250247038,1.0571535257070657,691,0.3429811866859624,1.2175232271575898
BEAR,"NH52(v=1.2,s=0.07,tg=0.15,h=7)",-0.01839770117948325,-0.021846975374842145,-0.49346815134293553,0.9846706363052438,738,0.4146341463414634,0.8178557389405208
BEAR,"NH52(v=1.2,s=0.07,tg=0.15,h=10)",-0.0026830990033535063,0.07255233828635292,-0.4571472142078332,1.0029416857282187,667,0.4077961019490255,0.9713269250416172
BEAR,"NH52(v=1.2,s=0.07,tg=0.2,h=7)",-0.0135983524660922,0.00874847662192734,-0.4515769173475863,0.9981452265622884,718,0.40947075208913647,0.8622103632501652
BEAR,"NH52(v=1.2,s=0.07,tg=0.2,h=10)",-0.026638923505806322,-0.0593910172764947,-0.45203451163101427,0.9617026262651441,641,0.38221528861154447,0.7464973348607318
BEAR,"NH52(v=1.5,s=0.05,tg=0.15,h=7)",-0.003770034978876735,0.053299808032484526,-0.36803120107881016,1.0081951227133077,691,0.3661360347322721,0.959925273469322
BEAR,"NH52(v=1.5,s=0.05,tg=0.15,h=10)",0.03298113722971863,0.28718573674274633,-0.3343098645726231,1.1000152471320268,649,0.3682588597842835,1.4210037627533867
BEAR,"NH52(v=1.5,s=0.05,tg=0.2,h=7)",0.01962682895189527,0.20420154259463572,-0.3324254390531991,1.0770933192677776,665,0.3609022556390977,1.2342512876657554
BEAR,"NH52(v=1.5,s=0.05,tg=0.2,h=10)",0.038706694581448264,0.3192004295481886,-0.38292135312797404,1.12560223613933,608,0.3569078947368421,1.5086508785955914
BEAR,"NH52(v=1.5,s=0.07,tg=0.15,h=7)",-0.010122022492951244,0.014934190127273879,-0.425722075970588,0.9994519768917859,645,0.41550387596899224,0.8956892388447553
BEAR,"NH52(v=1.5,s=0.07,tg=0.15,h=10)",0.01429093991090502,0.17027991925849922,-0.35753392982208243,1.0570203869762071,587,0.424190800681431,1.1660825111323132
BEAR,"NH52(v=1.5,s=0.07,tg=0.2,h=7)",0.005368897371009762,0.11574814550911963,-0.3878126092676575,1.0457442222342141,622,0.41318327974276525,1.0596937893030272
BEAR,"NH52(v=1.5,s=0.07,tg=0.2,h=10)",-0.012805805849270158,0.007165498185979168,-0.41961584067925417,0.9939243267995408,562,0.39501779359430605,0.8697414203732368
